shapeName,shapeISO,shapeID,shapeGroup,shapeType,under18_sum,valid_cell_count,worldpop_valid_cells
Alto Molocue,,85939544B55280380491119,MOZ,ADM2,213755.0625,363972,True
Ancuabe,,85939544B12924931865401,MOZ,ADM2,92980.0078125,51808,True
Angoche,,85939544B28799715012212,MOZ,ADM2,204043.0,81424,True
Angonia,,85939544B12573256040215,MOZ,ADM2,263586.8125,180952,True
Balama,,85939544B22682737370097,MOZ,ADM2,103711.765625,45246,True
Barue,,85939544B78941967379031,MOZ,ADM2,114021.890625,153155,True
Bilene,,85939544B43586850524471,MOZ,ADM2,57542.3125,39717,True
Boane,,85939544B68927430168058,MOZ,ADM2,100631.7578125,55852,True
Buzi,,85939544B98429522964184,MOZ,ADM2,103365.0546875,227309,True
Cahora Bassa,,85939544B63348478902842,MOZ,ADM2,73532.875,69686,True
Caia,,85939544B71313946873981,MOZ,ADM2,97468.328125,63442,True
Changara,,85939544B96154885816761,MOZ,ADM2,74486.875,78193,True
Chemba,,85939544B96550484342715,MOZ,ADM2,52900.3203125,59096,True
Cheringoma,,85939544B41216917110496,MOZ,ADM2,36763.953125,37129,True
Chibabava,,85939544B25886081823580,MOZ,ADM2,80586.5625,219326,True
Chibuto,,85939544B98651386750815,MOZ,ADM2,120944.890625,142716,True
Chicualacuala,,85939544B15867606683535,MOZ,ADM2,15709.1103515625,26665,True
Chifunde,,85939544B38440784035247,MOZ,ADM2,94028.2109375,110258,True
Chigubo,,85939544B66615302004978,MOZ,ADM2,10106.416015625,38619,True
Chimbonila,,85939544B92418523619922,MOZ,ADM2,44414.22265625,164366,True
Chinde,,85939544B82585183947830,MOZ,ADM2,50252.2890625,35230,True
Chiure,,85939544B26812417695120,MOZ,ADM2,172697.453125,87080,True
Chiuta,,85939544B4853369515096,MOZ,ADM2,61578.859375,82783,True
Chokwe,,85939544B8547864433088,MOZ,ADM2,120913.1484375,45603,True
Chongoene,,85939544B23893317259127,MOZ,ADM2,84097.015625,98017,True
Cidade Da Beira,,85939544B78683919401949,MOZ,ADM2,291995.78125,31719,True
Cidade Da Matola,,85939544B308430160587,MOZ,ADM2,473215.625,46310,True
Cidade De Chimoio,,85939544B35135302322965,MOZ,ADM2,200853.75,16162,True
Cidade De Inhambane,,85939544B19302565001464,MOZ,ADM2,40248.58203125,18817,True
Cidade De Lichinga,,85939544B62365198391986,MOZ,ADM2,140149.0,17103,True
Cidade De Maputo,,85939544B59479814848654,MOZ,ADM2,442010.875,32065,True
Cidade De Nampula,,85939544B70859422468328,MOZ,ADM2,425966.875,30442,True
Cidade De Pemba,,85939544B58572468312701,MOZ,ADM2,108447.5859375,7360,True
Cidade De Quelimane,,85939544B40669081557189,MOZ,ADM2,185691.0,7230,True
Cidade De Tete,,85939544B33116803936279,MOZ,ADM2,162020.34375,16771,True
Cidade De Xai-Xai,,85939544B37239521731461,MOZ,ADM2,69943.125,7762,True
Cuamba,,85939544B95923837460414,MOZ,ADM2,161332.625,167266,True
Derre,,85939544B72257349680566,MOZ,ADM2,68912.65625,128349,True
Doa,,85939544B50674606181773,MOZ,ADM2,54914.4375,32805,True
Dondo,,85939544B17350721147016,MOZ,ADM2,106366.953125,73133,True
Erati,,85939544B1665883546251,MOZ,ADM2,224586.15625,183672,True
Funhalouro,,85939544B45831091528789,MOZ,ADM2,24671.009765625,72275,True
Gile,,85939544B5310870224650,MOZ,ADM2,131742.125,217325,True
Gondola,,85939544B20117006553770,MOZ,ADM2,91195.046875,145068,True
Gorongosa,,85939544B94652077383293,MOZ,ADM2,112424.6875,120804,True
Govuro,,85939544B19130781251351,MOZ,ADM2,20001.087890625,30100,True
Guija,,85939544B1211152631593,MOZ,ADM2,53496.015625,53005,True
Guro,,85939544B86319968156717,MOZ,ADM2,61807.1796875,77338,True
Gurue,,85939544B52550879093260,MOZ,ADM2,251897.59375,310634,True
Homoine,,85939544B9969435799517,MOZ,ADM2,63245.3515625,131914,True
Ibo,,85939544B72266919853878,MOZ,ADM2,5953.359375,1586,True
Ile,,85939544B3686787806290,MOZ,ADM2,115639.609375,244251,True
Ilha De Moçambique,,85939544B37446089230364,MOZ,ADM2,36344.359375,7452,True
Ilha Licom,,85939544B53859921366962,MOZ,ADM2,,0,False
Ilha Risunodo,,85939544B49635827229265,MOZ,ADM2,,0,False
Inharrime,,85939544B69817996790019,MOZ,ADM2,64788.95703125,120171,True
Inhassoro,,85939544B58581363474884,MOZ,ADM2,30629.44921875,57967,True
Inhassunge,,85939544B84899286441367,MOZ,ADM2,50337.97265625,24607,True
Jangamo,,85939544B63223307878319,MOZ,ADM2,59385.265625,91532,True
Lago,,85939544B52795804394919,MOZ,ADM2,62009.33984375,46277,True
Lago Niassa,,85939544B11916103118899,MOZ,ADM2,1746.8076171875,1167,True
Lalaua,,85939544B71599092008043,MOZ,ADM2,67173.625,91471,True
Larde,,85939544B26264863650897,MOZ,ADM2,59811.671875,32129,True
Limpopo,,85939544B55875453752427,MOZ,ADM2,101645.859375,53981,True
Liúpo,,85939544B62807674730552,MOZ,ADM2,53789.65234375,39049,True
Luabo,,85939544B83504353793512,MOZ,ADM2,35554.48828125,22564,True
Lugela,,85939544B172449318268,MOZ,ADM2,111432.9765625,202456,True
Mabalane,,85939544B83676990250137,MOZ,ADM2,22990.578125,24708,True
Mabote,,85939544B65323255513357,MOZ,ADM2,28604.515625,63911,True
Macanga,,85939544B71238690131788,MOZ,ADM2,95454.1875,216285,True
Macate,,85939544B829507062217,MOZ,ADM2,51265.92578125,110102,True
Machanga,,85939544B66501899539367,MOZ,ADM2,32388.732421875,36103,True
Machaze,,85939544B88211826741163,MOZ,ADM2,77079.5,284259,True
Macomia,,85939544B2345621089228,MOZ,ADM2,63236.61328125,18770,True
Macossa,,85939544B71036498933536,MOZ,ADM2,30139.115234375,43409,True
Maganja Da Costa,,85939544B26352047498043,MOZ,ADM2,88627.625,89380,True
Magoe,,85939544B26060528055494,MOZ,ADM2,50858.578125,51185,True
Magude,,85939544B12261721998883,MOZ,ADM2,33189.859375,60398,True
Majune,,85939544B16952446601864,MOZ,ADM2,24593.91015625,21887,True
Malema,,85939544B80247740523844,MOZ,ADM2,128499.484375,193915,True
Mandimba,,85939544B48761792497071,MOZ,ADM2,131677.296875,100960,True
Mandlakaze,,85939544B24219595709494,MOZ,ADM2,56835.09375,119161,True
Manhiça,,85939544B91620585279817,MOZ,ADM2,107888.546875,81695,True
Manica,,85939544B32725727804377,MOZ,ADM2,126637.8984375,124780,True
Mapai,,85939544B45935423796795,MOZ,ADM2,19270.74609375,36131,True
Maquival,,85939544B65123265698186,MOZ,ADM2,26556.638671875,28001,True
Marara,,85939544B55684561557182,MOZ,ADM2,44541.984375,66213,True
Maravia,,85939544B82621359487865,MOZ,ADM2,78038.890625,77466,True
Maringue,,85939544B35485552295049,MOZ,ADM2,61360.640625,98850,True
Marracuene,,85939544B2591372162698,MOZ,ADM2,109422.546875,39417,True
Marromeu,,85939544B84282844658581,MOZ,ADM2,93968.2109375,59122,True
Marrupa,,85939544B26738067837562,MOZ,ADM2,47270.6796875,79909,True
Massangena,,85939544B81330952052148,MOZ,ADM2,11658.72265625,25467,True
Massinga,,85939544B96403406066950,MOZ,ADM2,125423.765625,307946,True
Massingir,,85939544B66771942168992,MOZ,ADM2,21659.197265625,12778,True
Matutuine,,85939544B97303459234614,MOZ,ADM2,20829.626953125,59045,True
Maua,,85939544B33000714085001,MOZ,ADM2,41819.02734375,63328,True
Mavago,,85939544B69199020344442,MOZ,ADM2,19195.85546875,19643,True
Maxixe,,85939544B37735984540105,MOZ,ADM2,65371.5859375,27189,True
Mecanhelas,,85939544B26392807278532,MOZ,ADM2,173262.15625,164419,True
Meconta,,85939544B84793619782311,MOZ,ADM2,132665.453125,139022,True
Mecuburi,,85939544B36345946298130,MOZ,ADM2,126988.3125,154774,True
Mecufi,,85939544B73793826279493,MOZ,ADM2,36566.421875,16448,True
Mecula,,85939544B86519405521682,MOZ,ADM2,12019.1201171875,14341,True
Meluco,,85939544B29216683074298,MOZ,ADM2,21276.921875,14629,True
Memba,,85939544B76219123027909,MOZ,ADM2,198206.15625,123095,True
Metarica,,85939544B27352268742856,MOZ,ADM2,28236.9453125,43807,True
Metuge,,85939544B43724113746926,MOZ,ADM2,49729.4296875,10570,True
Milange,,85939544B24654814708458,MOZ,ADM2,363712.4375,351980,True
Moamba,,85939544B51879158696861,MOZ,ADM2,42826.38671875,93002,True
Moatize,,85939544B94790467869630,MOZ,ADM2,153534.53125,127283,True
Mocimboa Da Praia,,85939544B54758933622764,MOZ,ADM2,68172.4609375,18038,True
Mocuba,,85939544B358257057392,MOZ,ADM2,242756.859375,320779,True
Mocubela,,85939544B38416709222197,MOZ,ADM2,72527.9296875,81860,True
Mogincual,,85939544B68532442394498,MOZ,ADM2,59268.5703125,40535,True
Mogovolas,,85939544B32350532447413,MOZ,ADM2,217384.984375,268740,True
Molumbo,,85939544B56224707964526,MOZ,ADM2,201067.8125,283699,True
Moma,,85939544B26201267157646,MOZ,ADM2,193986.375,148814,True
Monapo,,85939544B30642509050116,MOZ,ADM2,234931.09375,157711,True
Montepuez,,85939544B74766547400417,MOZ,ADM2,151064.21875,70336,True
Mopeia,,85939544B50332228011696,MOZ,ADM2,96022.78125,100373,True
Morrumbala,,85939544B61462515035200,MOZ,ADM2,231907.734375,250850,True
Morrumbene,,85939544B85400452133709,MOZ,ADM2,73701.3828125,135280,True
Mossuril,,85939544B64339198961844,MOZ,ADM2,99387.0234375,61906,True
Mossurize,,85939544B24800488676804,MOZ,ADM2,117788.3828125,282825,True
Muanza,,85939544B50673994435668,MOZ,ADM2,24154.9453125,51922,True
Muecate,,85939544B7087427782291,MOZ,ADM2,83182.0625,120158,True
Mueda,,85939544B28759712944697,MOZ,ADM2,92863.8984375,42831,True
Muembe,,85939544B2234925194697,MOZ,ADM2,27497.912109375,43134,True
Muidumbe,,85939544B92892346973749,MOZ,ADM2,53912.26171875,14241,True
Mulevala,,85939544B54372279750556,MOZ,ADM2,64024.9296875,149463,True
Murrupula,,85939544B53018455745149,MOZ,ADM2,113595.96875,158471,True
Mutarara,,85939544B58328889190937,MOZ,ADM2,103311.125,50961,True
Nacala,,85939544B80255250880532,MOZ,ADM2,161432.703125,14953,True
Nacala-A-Velha,,85939544B78261911608408,MOZ,ADM2,70716.546875,47474,True
Nacaroa,,85939544B80156310814638,MOZ,ADM2,87272.6875,124864,True
Namaacha,,85939544B88728478280907,MOZ,ADM2,23028.21484375,38704,True
Namacurra,,85939544B74893021327700,MOZ,ADM2,125107.828125,87270,True
Namarroi,,85939544B64189871111735,MOZ,ADM2,86812.6953125,179378,True
Namuno,,85939544B68242516881190,MOZ,ADM2,143950.03125,68363,True
Nangade,,85939544B17838134976629,MOZ,ADM2,49110.484375,24822,True
Ngauma,,85939544B1529593178446,MOZ,ADM2,59205.81640625,92850,True
Nhamatanda,,85939544B48412147332355,MOZ,ADM2,163723.796875,180164,True
Nicoadala,,85939544B24973508625893,MOZ,ADM2,83538.75,80750,True
Nipepe,,85939544B55402666252817,MOZ,ADM2,28360.625,29397,True
Palma,,85939544B28801965730987,MOZ,ADM2,34475.47265625,18539,True
Panda,,85939544B74614871029564,MOZ,ADM2,24259.01953125,90495,True
Pebane,,85939544B33364168787730,MOZ,ADM2,125182.421875,149482,True
Quissanga,,85939544B35031207172791,MOZ,ADM2,28075.44140625,7967,True
Rapale,,85939544B86182788788384,MOZ,ADM2,99318.9375,199976,True
Ribaue,,85939544B68369930448432,MOZ,ADM2,160141.1875,226610,True
Sanga,,85939544B99370318353636,MOZ,ADM2,46787.50390625,89184,True
Sussundenga,,85939544B81104327117882,MOZ,ADM2,102630.2578125,230095,True
Tambara,,85939544B86118750013731,MOZ,ADM2,34772.35546875,27330,True
Tsangano,,85939544B8789366603018,MOZ,ADM2,124583.578125,139526,True
Vanduzi,,85939544B72355494669336,MOZ,ADM2,94267.375,131296,True
Vilankulo,,85939544B70195584825603,MOZ,ADM2,79806.4453125,164253,True
Zavala,,85939544B42929876675904,MOZ,ADM2,84663.828125,151998,True
Zumbu,,85939544B34189520387166,MOZ,ADM2,53062.8359375,36025,True
