shapeID,shapeName,shapeGroup,shapeType,under18_sum,valid_cell_count,adm2_join_name,has_ipc_2022_data,province,ipc_area,analysis_date,current_from,current_to,population_analyzed_current,phase3plus_number_current,phase3plus_fraction_current,phase3plus_percent_current,under18_phase3plus_exposure_proxy_2022
85939544B55280380491119,Alto Molocue,MOZ,ADM2,213755.0625,363972,alto molocue,True,Zambezia,Alto molocue,Nov 2022,2022-10-01,2023-03-31,414502.0,20725.0,0.05,5.0,10687.753125000001
85939544B12924931865401,Ancuabe,MOZ,ADM2,92980.0078125,51808,ancuabe,False,,,,,,,,,,
85939544B28799715012212,Angoche,MOZ,ADM2,204043.0,81424,angoche,True,Nampula,Angoche,Nov 2022,2022-10-01,2023-03-31,420569.0,126170.0,0.3,30.0,61212.899999999994
85939544B12573256040215,Angonia,MOZ,ADM2,263586.8125,180952,angonia,True,Tete,Angonia,Nov 2022,2022-10-01,2023-03-31,566990.0,17009.0,0.03,3.0,7907.604375
85939544B22682737370097,Balama,MOZ,ADM2,103711.765625,45246,balama,False,,,,,,,,,,
85939544B78941967379031,Barue,MOZ,ADM2,114021.890625,153155,barue,True,Manica,Barue,Nov 2022,2022-10-01,2023-03-31,229325.0,11466.0,0.05,5.0,5701.094531250001
85939544B43586850524471,Bilene,MOZ,ADM2,57542.3125,39717,bilene,False,,,,,,,,,,
85939544B68927430168058,Boane,MOZ,ADM2,100631.7578125,55852,boane,True,Maputo,Boane,Nov 2022,2022-10-01,2023-03-31,273433.0,54686.0,0.2,20.0,20126.3515625
85939544B98429522964184,Buzi,MOZ,ADM2,103365.0546875,227309,buzi,True,Sofala,Buzi,Nov 2022,2022-10-01,2023-03-31,212275.0,10613.0,0.05,5.0,5168.252734375001
85939544B63348478902842,Cahora Bassa,MOZ,ADM2,73532.875,69686,cahora bassa,True,Tete,Cahora Bassa,Nov 2022,2022-10-01,2023-03-31,167310.0,16731.0,0.1,10.0,7353.2875
85939544B71313946873981,Caia,MOZ,ADM2,97468.328125,63442,caia,True,Sofala,Caia,Nov 2022,2022-10-01,2023-03-31,190386.0,9519.0,0.05,5.0,4873.41640625
85939544B96154885816761,Changara,MOZ,ADM2,74486.875,78193,changara,True,Tete,Changara,Nov 2022,2022-10-01,2023-03-31,142236.0,21335.0,0.15,15.0,11173.03125
85939544B96550484342715,Chemba,MOZ,ADM2,52900.3203125,59096,chemba,True,Sofala,Chemba,Nov 2022,2022-10-01,2023-03-31,99089.0,14863.0,0.15,15.0,7935.048046874999
85939544B41216917110496,Cheringoma,MOZ,ADM2,36763.953125,37129,cheringoma,True,Sofala,Cheringoma,Nov 2022,2022-10-01,2023-03-31,70038.0,7003.0,0.1,10.0,3676.3953125000003
85939544B25886081823580,Chibabava,MOZ,ADM2,80586.5625,219326,chibabava,True,Sofala,Chibabava,Nov 2022,2022-10-01,2023-03-31,160851.0,32169.0,0.2,20.0,16117.3125
85939544B98651386750815,Chibuto,MOZ,ADM2,120944.890625,142716,chibuto,True,Gaza,Chibuto,Nov 2022,2022-10-01,2023-03-31,232024.0,46404.0,0.2,20.0,24188.978125
85939544B15867606683535,Chicualacuala,MOZ,ADM2,15709.1103515625,26665,chicualacuala,True,Gaza,Chicualacuala,Nov 2022,2022-10-01,2023-03-31,29166.0,5833.0,0.2,20.0,3141.8220703125003
85939544B38440784035247,Chifunde,MOZ,ADM2,94028.2109375,110258,chifunde,True,Tete,Chifunde,Nov 2022,2022-10-01,2023-03-31,182239.0,18223.0,0.1,10.0,9402.82109375
85939544B66615302004978,Chigubo,MOZ,ADM2,10106.416015625,38619,chigubo,True,Gaza,Chigubo,Nov 2022,2022-10-01,2023-03-31,22600.0,4520.0,0.2,20.0,2021.283203125
85939544B92418523619922,Chimbonila,MOZ,ADM2,44414.22265625,164366,chimbonila,True,Niassa,Chimbonila,Nov 2022,2022-10-01,2023-03-31,91533.0,0.0,0.0,0.0,0.0
85939544B82585183947830,Chinde,MOZ,ADM2,50252.2890625,35230,chinde,True,Zambezia,Chinde,Nov 2022,2022-10-01,2023-03-31,103313.0,5165.0,0.05,5.0,2512.614453125
85939544B26812417695120,Chiure,MOZ,ADM2,172697.453125,87080,chiure,False,,,,,,,,,,
85939544B4853369515096,Chiuta,MOZ,ADM2,61578.859375,82783,chiuta,True,Tete,Chiuta,Nov 2022,2022-10-01,2023-03-31,117122.0,17568.0,0.15,15.0,9236.828906249999
85939544B8547864433088,Chokwe,MOZ,ADM2,120913.1484375,45603,chokwe,True,Gaza,Chokwe,Nov 2022,2022-10-01,2023-03-31,237671.0,35650.0,0.15,15.0,18136.972265624998
85939544B23893317259127,Chongoene,MOZ,ADM2,84097.015625,98017,chongoene,True,Gaza,Chongoene,Nov 2022,2022-10-01,2023-03-31,121661.0,6083.0,0.05,5.0,4204.85078125
85939544B78683919401949,Cidade Da Beira,MOZ,ADM2,291995.78125,31719,cidade da beira,True,Sofala,Cidade da Beira,Nov 2022,2022-10-01,2023-03-31,719806.0,35990.0,0.05,5.0,14599.7890625
85939544B308430160587,Cidade Da Matola,MOZ,ADM2,473215.625,46310,cidade da matola,True,Maputo,Matola city,Nov 2022,2022-10-01,2023-03-31,1341515.0,0.0,0.0,0.0,0.0
85939544B35135302322965,Cidade De Chimoio,MOZ,ADM2,200853.75,16162,cidade de chimoio,True,Manica,Chimoio city,Nov 2022,2022-10-01,2023-03-31,497653.0,0.0,0.0,0.0,0.0
85939544B19302565001464,Cidade De Inhambane,MOZ,ADM2,40248.58203125,18817,cidade de inhambane,True,Inhambane,Inhambane city,Nov 2022,2022-10-01,2023-03-31,98257.0,4912.0,0.05,5.0,2012.4291015625001
85939544B62365198391986,Cidade De Lichinga,MOZ,ADM2,140149.0,17103,cidade de lichinga,True,Niassa,Lichinga city,Nov 2022,2022-10-01,2023-03-31,324279.0,16213.0,0.05,5.0,7007.450000000001
85939544B59479814848654,Cidade De Maputo,MOZ,ADM2,442010.875,32065,cidade de maputo,False,,,,,,,,,,
85939544B70859422468328,Cidade De Nampula,MOZ,ADM2,425966.875,30442,cidade de nampula,True,Nampula,Nampula city,Nov 2022,2022-10-01,2023-03-31,957596.0,143639.0,0.15,15.0,63895.03125
85939544B58572468312701,Cidade De Pemba,MOZ,ADM2,108447.5859375,7360,cidade de pemba,True,Cabo Delgado,Cidade de pemba,Nov 2022,2022-10-01,2023-03-31,251759.0,121352.0,0.48,48.0,52054.84125
85939544B40669081557189,Cidade De Quelimane,MOZ,ADM2,185691.0,7230,cidade de quelimane,True,Zambezia,Quelimane,Nov 2022,2022-10-01,2023-03-31,421844.0,21092.0,0.05,5.0,9284.550000000001
85939544B33116803936279,Cidade De Tete,MOZ,ADM2,162020.34375,16771,cidade de tete,True,Tete,Tete city,Nov 2022,2022-10-01,2023-03-31,499387.0,0.0,0.0,0.0,0.0
85939544B37239521731461,Cidade De Xai-Xai,MOZ,ADM2,69943.125,7762,cidade de xai-xai,True,Gaza,Xai-xai city,Nov 2022,2022-10-01,2023-03-31,163259.0,8162.0,0.05,5.0,3497.15625
85939544B95923837460414,Cuamba,MOZ,ADM2,161332.625,167266,cuamba,True,Niassa,Cuamba,Nov 2022,2022-10-01,2023-03-31,349576.0,0.0,0.0,0.0,0.0
85939544B72257349680566,Derre,MOZ,ADM2,68912.65625,128349,derre,True,Zambezia,Derre,Nov 2022,2022-10-01,2023-03-31,131076.0,0.0,0.0,0.0,0.0
85939544B50674606181773,Doa,MOZ,ADM2,54914.4375,32805,doa,True,Tete,Doa,Nov 2022,2022-10-01,2023-03-31,100631.0,25157.0,0.25,25.0,13728.609375
85939544B17350721147016,Dondo,MOZ,ADM2,106366.953125,73133,dondo,True,Sofala,Dondo,Nov 2022,2022-10-01,2023-03-31,236825.0,11841.0,0.05,5.0,5318.34765625
85939544B1665883546251,Erati,MOZ,ADM2,224586.15625,183672,erati,True,Nampula,Erati,Nov 2022,2022-10-01,2023-03-31,459396.0,22969.0,0.05,5.0,11229.307812500001
85939544B45831091528789,Funhalouro,MOZ,ADM2,24671.009765625,72275,funhalouro,True,Inhambane,Funhalouro,Nov 2022,2022-10-01,2023-03-31,46119.0,11528.0,0.25,25.0,6167.75244140625
85939544B5310870224650,Gile,MOZ,ADM2,131742.125,217325,gile,True,Zambezia,Gile,Nov 2022,2022-10-01,2023-03-31,255529.0,12776.0,0.05,5.0,6587.106250000001
85939544B20117006553770,Gondola,MOZ,ADM2,91195.046875,145068,gondola,True,Manica,Gondola,Nov 2022,2022-10-01,2023-03-31,236855.0,11842.0,0.05,5.0,4559.75234375
85939544B94652077383293,Gorongosa,MOZ,ADM2,112424.6875,120804,gorongosa,True,Sofala,Gorongosa,Nov 2022,2022-10-01,2023-03-31,213069.0,10653.0,0.05,5.0,5621.234375
85939544B19130781251351,Govuro,MOZ,ADM2,20001.087890625,30100,govuro,True,Inhambane,Govuro,Nov 2022,2022-10-01,2023-03-31,37972.0,5695.0,0.15,15.0,3000.16318359375
85939544B1211152631593,Guija,MOZ,ADM2,53496.015625,53005,guija,True,Gaza,Guija,Nov 2022,2022-10-01,2023-03-31,93185.0,23296.0,0.25,25.0,13374.00390625
85939544B86319968156717,Guro,MOZ,ADM2,61807.1796875,77338,guro,True,Manica,Guro,Nov 2022,2022-10-01,2023-03-31,114365.0,0.0,0.0,0.0,0.0
85939544B52550879093260,Gurue,MOZ,ADM2,251897.59375,310634,gurue,True,Zambezia,Gurue,Nov 2022,2022-10-01,2023-03-31,503427.0,25171.0,0.05,5.0,12594.8796875
85939544B9969435799517,Homoine,MOZ,ADM2,63245.3515625,131914,homoine,True,Inhambane,Homoine,Nov 2022,2022-10-01,2023-03-31,121918.0,12190.0,0.1,10.0,6324.53515625
85939544B72266919853878,Ibo,MOZ,ADM2,5953.359375,1586,ibo,False,Cabo Delgado,Ibo,Nov 2022,2022-10-01,2023-03-31,0.0,,,,
85939544B3686787806290,Ile,MOZ,ADM2,115639.609375,244251,ile,True,Zambezia,Ile,Nov 2022,2022-10-01,2023-03-31,230358.0,11517.0,0.05,5.0,5781.98046875
85939544B37446089230364,Ilha De Moçambique,MOZ,ADM2,36344.359375,7452,ilha de mocambique,True,Nampula,Ilha de Mocambique,Nov 2022,2022-10-01,2023-03-31,83977.0,16795.0,0.2,20.0,7268.871875000001
85939544B53859921366962,Ilha Licom,MOZ,ADM2,,0,ilha licom,False,,,,,,,,,,
85939544B49635827229265,Ilha Risunodo,MOZ,ADM2,,0,ilha risunodo,False,,,,,,,,,,
85939544B69817996790019,Inharrime,MOZ,ADM2,64788.95703125,120171,inharrime,True,Inhambane,Inharrime,Nov 2022,2022-10-01,2023-03-31,120564.0,6028.0,0.05,5.0,3239.4478515625
85939544B58581363474884,Inhassoro,MOZ,ADM2,30629.44921875,57967,inhassoro,True,Inhambane,Inhassoro,Nov 2022,2022-10-01,2023-03-31,61699.0,3084.0,0.05,5.0,1531.4724609375
85939544B84899286441367,Inhassunge,MOZ,ADM2,50337.97265625,24607,inhassunge,True,Zambezia,Inhassunge,Nov 2022,2022-10-01,2023-03-31,107500.0,16125.0,0.15,15.0,7550.6958984375
85939544B63223307878319,Jangamo,MOZ,ADM2,59385.265625,91532,jangamo,True,Inhambane,Jangamo,Nov 2022,2022-10-01,2023-03-31,110011.0,5500.0,0.05,5.0,2969.26328125
85939544B52795804394919,Lago,MOZ,ADM2,62009.33984375,46277,lago,True,Niassa,Lago,Nov 2022,2022-10-01,2023-03-31,136579.0,0.0,0.0,0.0,0.0
85939544B11916103118899,Lago Niassa,MOZ,ADM2,1746.8076171875,1167,lago niassa,False,,,,,,,,,,
85939544B71599092008043,Lalaua,MOZ,ADM2,67173.625,91471,lalaua,True,Nampula,Lalaua,Nov 2022,2022-10-01,2023-03-31,125849.0,12584.0,0.1,10.0,6717.3625
85939544B26264863650897,Larde,MOZ,ADM2,59811.671875,32129,larde,True,Nampula,Larde,Nov 2022,2022-10-01,2023-03-31,112320.0,14601.0,0.13,13.0,7775.517343750001
85939544B55875453752427,Limpopo,MOZ,ADM2,101645.859375,53981,limpopo,True,Gaza,Limpopo,Nov 2022,2022-10-01,2023-03-31,153875.0,7693.0,0.05,5.0,5082.29296875
85939544B62807674730552,Liúpo,MOZ,ADM2,53789.65234375,39049,liupo,True,Nampula,Liupo,Nov 2022,2022-10-01,2023-03-31,104622.0,20924.0,0.2,20.0,10757.93046875
85939544B83504353793512,Luabo,MOZ,ADM2,35554.48828125,22564,luabo,True,Zambezia,Luabo,Nov 2022,2022-10-01,2023-03-31,69789.0,3489.0,0.05,5.0,1777.7244140625
85939544B172449318268,Lugela,MOZ,ADM2,111432.9765625,202456,lugela,True,Zambezia,Lugela,Nov 2022,2022-10-01,2023-03-31,217887.0,21788.0,0.1,10.0,11143.29765625
85939544B83676990250137,Mabalane,MOZ,ADM2,22990.578125,24708,mabalane,True,Gaza,Mabalane,Nov 2022,2022-10-01,2023-03-31,39550.0,7909.0,0.2,20.0,4598.115625
85939544B65323255513357,Mabote,MOZ,ADM2,28604.515625,63911,mabote,True,Inhambane,Mabote,Nov 2022,2022-10-01,2023-03-31,53313.0,13327.0,0.25,25.0,7151.12890625
85939544B71238690131788,Macanga,MOZ,ADM2,95454.1875,216285,macanga,True,Tete,Macanga,Nov 2022,2022-10-01,2023-03-31,183660.0,18366.0,0.1,10.0,9545.41875
85939544B829507062217,Macate,MOZ,ADM2,51265.92578125,110102,macate,True,Manica,Macate,Nov 2022,2022-10-01,2023-03-31,99432.0,0.0,0.0,0.0,0.0
85939544B66501899539367,Machanga,MOZ,ADM2,32388.732421875,36103,machanga,True,Sofala,Machanga,Nov 2022,2022-10-01,2023-03-31,66461.0,3323.0,0.05,5.0,1619.43662109375
85939544B88211826741163,Machaze,MOZ,ADM2,77079.5,284259,machaze,True,Manica,Machaze,Nov 2022,2022-10-01,2023-03-31,148784.0,29756.0,0.2,20.0,15415.900000000001
85939544B2345621089228,Macomia,MOZ,ADM2,63236.61328125,18770,macomia,False,Cabo Delgado,Macomia,Nov 2022,2022-10-01,2023-03-31,0.0,,,,
85939544B71036498933536,Macossa,MOZ,ADM2,30139.115234375,43409,macossa,True,Manica,Macossa,Nov 2022,2022-10-01,2023-03-31,54309.0,2715.0,0.05,5.0,1506.9557617187502
85939544B26352047498043,Maganja Da Costa,MOZ,ADM2,88627.625,89380,maganja da costa,True,Zambezia,Maganja da costa,Nov 2022,2022-10-01,2023-03-31,173883.0,34776.0,0.2,20.0,17725.525
85939544B26060528055494,Magoe,MOZ,ADM2,50858.578125,51185,magoe,True,Tete,Magoe,Nov 2022,2022-10-01,2023-03-31,103214.0,10321.0,0.1,10.0,5085.8578125
85939544B12261721998883,Magude,MOZ,ADM2,33189.859375,60398,magude,True,Maputo,Magude,Nov 2022,2022-10-01,2023-03-31,80946.0,8094.0,0.1,10.0,3318.9859375
85939544B16952446601864,Majune,MOZ,ADM2,24593.91015625,21887,majune,True,Niassa,Majune,Nov 2022,2022-10-01,2023-03-31,50504.0,0.0,0.0,0.0,0.0
85939544B80247740523844,Malema,MOZ,ADM2,128499.484375,193915,malema,True,Nampula,Malema,Nov 2022,2022-10-01,2023-03-31,258793.0,12939.0,0.05,5.0,6424.974218750001
85939544B48761792497071,Mandimba,MOZ,ADM2,131677.296875,100960,mandimba,True,Niassa,Mandimba,Nov 2022,2022-10-01,2023-03-31,271771.0,13588.0,0.05,5.0,6583.864843750001
85939544B24219595709494,Mandlakaze,MOZ,ADM2,56835.09375,119161,mandlakaze,True,Gaza,Mandlakaze,Nov 2022,2022-10-01,2023-03-31,141974.0,0.0,0.0,0.0,0.0
85939544B91620585279817,Manhiça,MOZ,ADM2,107888.546875,81695,manhica,True,Maputo,Manhica,Nov 2022,2022-10-01,2023-03-31,266435.0,5328.0,0.02,2.0,2157.7709375
85939544B32725727804377,Manica,MOZ,ADM2,126637.8984375,124780,manica,True,Manica,Manica,Nov 2022,2022-10-01,2023-03-31,274082.0,0.0,0.0,0.0,0.0
85939544B45935423796795,Mapai,MOZ,ADM2,19270.74609375,36131,mapai,True,Gaza,Mapai,Nov 2022,2022-10-01,2023-03-31,29106.0,5821.0,0.2,20.0,3854.1492187500003
85939544B65123265698186,Maquival,MOZ,ADM2,26556.638671875,28001,maquival,False,,,,,,,,,,
85939544B55684561557182,Marara,MOZ,ADM2,44541.984375,66213,marara,True,Tete,Marara,Nov 2022,2022-10-01,2023-03-31,84429.0,12664.0,0.15,15.0,6681.29765625
85939544B82621359487865,Maravia,MOZ,ADM2,78038.890625,77466,maravia,True,Tete,Maravia,Nov 2022,2022-10-01,2023-03-31,146380.0,14638.0,0.1,10.0,7803.8890625
85939544B35485552295049,Maringue,MOZ,ADM2,61360.640625,98850,maringue,True,Sofala,Maringue,Nov 2022,2022-10-01,2023-03-31,113484.0,5674.0,0.05,5.0,3068.0320312500003
85939544B2591372162698,Marracuene,MOZ,ADM2,109422.546875,39417,marracuene,True,Maputo,Marracuene,Nov 2022,2022-10-01,2023-03-31,284327.0,0.0,0.0,0.0,0.0
85939544B84282844658581,Marromeu,MOZ,ADM2,93968.2109375,59122,marromeu,True,Sofala,Marromeu,Nov 2022,2022-10-01,2023-03-31,187740.0,9387.0,0.05,5.0,4698.410546875
85939544B26738067837562,Marrupa,MOZ,ADM2,47270.6796875,79909,marrupa,True,Niassa,Marrupa,Nov 2022,2022-10-01,2023-03-31,99897.0,4994.0,0.05,5.0,2363.5339843750003
85939544B81330952052148,Massangena,MOZ,ADM2,11658.72265625,25467,massangena,True,Gaza,Massangena,Nov 2022,2022-10-01,2023-03-31,22069.0,4413.0,0.2,20.0,2331.74453125
85939544B96403406066950,Massinga,MOZ,ADM2,125423.765625,307946,massinga,True,Inhambane,Massinga,Nov 2022,2022-10-01,2023-03-31,255429.0,12771.0,0.05,5.0,6271.188281250001
85939544B66771942168992,Massingir,MOZ,ADM2,21659.197265625,12778,massingir,True,Gaza,Massingir,Nov 2022,2022-10-01,2023-03-31,37614.0,7522.0,0.2,20.0,4331.839453125001
85939544B97303459234614,Matutuine,MOZ,ADM2,20829.626953125,59045,matutuine,True,Maputo,Matutuine,Nov 2022,2022-10-01,2023-03-31,56763.0,8514.0,0.15,15.0,3124.4440429687497
85939544B33000714085001,Maua,MOZ,ADM2,41819.02734375,63328,maua,True,Niassa,Maua,Nov 2022,2022-10-01,2023-03-31,86178.0,0.0,0.0,0.0,0.0
85939544B69199020344442,Mavago,MOZ,ADM2,19195.85546875,19643,mavago,True,Niassa,Mavago,Nov 2022,2022-10-01,2023-03-31,37790.0,0.0,0.0,0.0,0.0
85939544B37735984540105,Maxixe,MOZ,ADM2,65371.5859375,27189,maxixe,True,Inhambane,Maxixe city,Nov 2022,2022-10-01,2023-03-31,155521.0,7776.0,0.05,5.0,3268.579296875
85939544B26392807278532,Mecanhelas,MOZ,ADM2,173262.15625,164419,mecanhelas,True,Niassa,Mecanhelas,Nov 2022,2022-10-01,2023-03-31,341587.0,0.0,0.0,0.0,0.0
85939544B84793619782311,Meconta,MOZ,ADM2,132665.453125,139022,meconta,True,Nampula,Meconta,Nov 2022,2022-10-01,2023-03-31,270314.0,54062.0,0.2,20.0,26533.090625
85939544B36345946298130,Mecuburi,MOZ,ADM2,126988.3125,154774,mecuburi,True,Nampula,Mecuburi,Nov 2022,2022-10-01,2023-03-31,242959.0,12147.0,0.05,5.0,6349.415625000001
85939544B73793826279493,Mecufi,MOZ,ADM2,36566.421875,16448,mecufi,False,,,,,,,,,,
85939544B86519405521682,Mecula,MOZ,ADM2,12019.1201171875,14341,mecula,True,Niassa,Mecula,Nov 2022,2022-10-01,2023-03-31,26372.0,5273.0,0.2,20.0,2403.8240234375003
85939544B29216683074298,Meluco,MOZ,ADM2,21276.921875,14629,meluco,False,Cabo Delgado,Meluco,Nov 2022,2022-10-01,2023-03-31,0.0,,,,
85939544B76219123027909,Memba,MOZ,ADM2,198206.15625,123095,memba,True,Nampula,Memba,Nov 2022,2022-10-01,2023-03-31,384984.0,46197.0,0.12,12.0,23784.73875
85939544B27352268742856,Metarica,MOZ,ADM2,28236.9453125,43807,metarica,True,Niassa,Metarica,Nov 2022,2022-10-01,2023-03-31,57196.0,0.0,0.0,0.0,0.0
85939544B43724113746926,Metuge,MOZ,ADM2,49729.4296875,10570,metuge,False,,,,,,,,,,
85939544B24654814708458,Milange,MOZ,ADM2,363712.4375,351980,milange,True,Zambezia,Milange,Nov 2022,2022-10-01,2023-03-31,713553.0,35677.0,0.05,5.0,18185.621875
85939544B51879158696861,Moamba,MOZ,ADM2,42826.38671875,93002,moamba,True,Maputo,Moamba,Nov 2022,2022-10-01,2023-03-31,115127.0,23025.0,0.2,20.0,8565.27734375
85939544B94790467869630,Moatize,MOZ,ADM2,153534.53125,127283,moatize,True,Tete,Moatize,Nov 2022,2022-10-01,2023-03-31,331950.0,33195.0,0.1,10.0,15353.453125
85939544B54758933622764,Mocimboa Da Praia,MOZ,ADM2,68172.4609375,18038,mocimboa da praia,False,Cabo Delgado,Mocimboa da praia,Nov 2022,2022-10-01,2023-03-31,0.0,,,,
85939544B358257057392,Mocuba,MOZ,ADM2,242756.859375,320779,mocuba,True,Zambezia,Mocuba,Nov 2022,2022-10-01,2023-03-31,482884.0,24144.0,0.05,5.0,12137.842968750001
85939544B38416709222197,Mocubela,MOZ,ADM2,72527.9296875,81860,mocubela,True,Zambezia,Mocubela,Nov 2022,2022-10-01,2023-03-31,144490.0,0.0,0.0,0.0,0.0
85939544B68532442394498,Mogincual,MOZ,ADM2,59268.5703125,40535,mogincual,True,Nampula,Mogincual,Nov 2022,2022-10-01,2023-03-31,111074.0,22214.0,0.2,20.0,11853.714062500001
85939544B32350532447413,Mogovolas,MOZ,ADM2,217384.984375,268740,mogovolas,True,Nampula,Mogovolas,Nov 2022,2022-10-01,2023-03-31,437409.0,109352.0,0.25,25.0,54346.24609375
85939544B56224707964526,Molumbo,MOZ,ADM2,201067.8125,283699,molumbo,True,Zambezia,Molumbo,Nov 2022,2022-10-01,2023-03-31,383980.0,38398.0,0.1,10.0,20106.78125
85939544B26201267157646,Moma,MOZ,ADM2,193986.375,148814,moma,True,Nampula,Moma,Nov 2022,2022-10-01,2023-03-31,384612.0,49999.0,0.13,13.0,25218.228750000002
85939544B30642509050116,Monapo,MOZ,ADM2,234931.09375,157711,monapo,True,Nampula,Monapo,Nov 2022,2022-10-01,2023-03-31,473957.0,71092.0,0.15,15.0,35239.6640625
85939544B74766547400417,Montepuez,MOZ,ADM2,151064.21875,70336,montepuez,False,,,,,,,,,,
85939544B50332228011696,Mopeia,MOZ,ADM2,96022.78125,100373,mopeia,True,Zambezia,Mopeia,Nov 2022,2022-10-01,2023-03-31,183429.0,27514.0,0.15,15.0,14403.4171875
85939544B61462515035200,Morrumbala,MOZ,ADM2,231907.734375,250850,morrumbala,True,Zambezia,Morrumbala,Nov 2022,2022-10-01,2023-03-31,421084.0,84216.0,0.2,20.0,46381.546875
85939544B85400452133709,Morrumbene,MOZ,ADM2,73701.3828125,135280,morrumbene,True,Inhambane,Morrumbene,Nov 2022,2022-10-01,2023-03-31,145468.0,21819.0,0.15,15.0,11055.207421875
85939544B64339198961844,Mossuril,MOZ,ADM2,99387.0234375,61906,mossuril,True,Nampula,Mossuril,Nov 2022,2022-10-01,2023-03-31,208339.0,20833.0,0.1,10.0,9938.702343750001
85939544B24800488676804,Mossurize,MOZ,ADM2,117788.3828125,282825,mossurize,True,Manica,Mossurize,Nov 2022,2022-10-01,2023-03-31,239733.0,7191.0,0.03,3.0,3533.6514843749997
85939544B50673994435668,Muanza,MOZ,ADM2,24154.9453125,51922,muanza,True,Sofala,Muanza,Nov 2022,2022-10-01,2023-03-31,45465.0,5909.0,0.13,13.0,3140.1428906250003
85939544B7087427782291,Muecate,MOZ,ADM2,83182.0625,120158,muecate,True,Nampula,Muecate,Nov 2022,2022-10-01,2023-03-31,157393.0,15739.0,0.1,10.0,8318.206250000001
85939544B28759712944697,Mueda,MOZ,ADM2,92863.8984375,42831,mueda,False,,,,,,,,,,
85939544B2234925194697,Muembe,MOZ,ADM2,27497.912109375,43134,muembe,True,Niassa,Muembe,Nov 2022,2022-10-01,2023-03-31,55281.0,0.0,0.0,0.0,0.0
85939544B92892346973749,Muidumbe,MOZ,ADM2,53912.26171875,14241,muidumbe,False,Cabo Delgado,Muidumbe,Nov 2022,2022-10-01,2023-03-31,0.0,,,,
85939544B54372279750556,Mulevala,MOZ,ADM2,64024.9296875,149463,mulevala,True,Zambezia,Mulevala,Nov 2022,2022-10-01,2023-03-31,126336.0,27793.0,0.22,22.0,14085.48453125
85939544B53018455745149,Murrupula,MOZ,ADM2,113595.96875,158471,murrupula,True,Nampula,Murrupula,Nov 2022,2022-10-01,2023-03-31,220304.0,11015.0,0.05,5.0,5679.798437500001
85939544B58328889190937,Mutarara,MOZ,ADM2,103311.125,50961,mutarara,True,Tete,Mutarara,Nov 2022,2022-10-01,2023-03-31,204251.0,51062.0,0.25,25.0,25827.78125
85939544B80255250880532,Nacala,MOZ,ADM2,161432.703125,14953,nacala,True,Nampula,Nacala-porto,Nov 2022,2022-10-01,2023-03-31,362144.0,36214.0,0.1,10.0,16143.2703125
85939544B78261911608408,Nacala-A-Velha,MOZ,ADM2,70716.546875,47474,nacala-a-velha,True,Nampula,Nacala-a-velha,Nov 2022,2022-10-01,2023-03-31,146243.0,7312.0,0.05,5.0,3535.82734375
85939544B80156310814638,Nacaroa,MOZ,ADM2,87272.6875,124864,nacaroa,True,Nampula,Nacaroa,Nov 2022,2022-10-01,2023-03-31,170481.0,17048.0,0.1,10.0,8727.268750000001
85939544B88728478280907,Namaacha,MOZ,ADM2,23028.21484375,38704,namaacha,True,Maputo,Namaacha,Nov 2022,2022-10-01,2023-03-31,61262.0,6126.0,0.1,10.0,2302.821484375
85939544B74893021327700,Namacurra,MOZ,ADM2,125107.828125,87270,namacurra,True,Zambezia,Namacurra,Nov 2022,2022-10-01,2023-03-31,245102.0,12255.0,0.05,5.0,6255.391406250001
85939544B64189871111735,Namarroi,MOZ,ADM2,86812.6953125,179378,namarroi,True,Zambezia,Namarroi,Nov 2022,2022-10-01,2023-03-31,169899.0,0.0,0.0,0.0,0.0
85939544B68242516881190,Namuno,MOZ,ADM2,143950.03125,68363,namuno,False,,,,,,,,,,
85939544B17838134976629,Nangade,MOZ,ADM2,49110.484375,24822,nangade,False,Cabo Delgado,Nangade,Nov 2022,2022-10-01,2023-03-31,0.0,,,,
85939544B1529593178446,Ngauma,MOZ,ADM2,59205.81640625,92850,ngauma,True,Niassa,Ngauma,Nov 2022,2022-10-01,2023-03-31,120973.0,12097.0,0.1,10.0,5920.581640625001
85939544B48412147332355,Nhamatanda,MOZ,ADM2,163723.796875,180164,nhamatanda,True,Sofala,Nhamatanda,Nov 2022,2022-10-01,2023-03-31,335540.0,16777.0,0.05,5.0,8186.18984375
85939544B24973508625893,Nicoadala,MOZ,ADM2,83538.75,80750,nicoadala,True,Zambezia,Nicoadala,Nov 2022,2022-10-01,2023-03-31,212683.0,53170.0,0.25,25.0,20884.6875
85939544B55402666252817,Nipepe,MOZ,ADM2,28360.625,29397,nipepe,True,Niassa,Nipepe,Nov 2022,2022-10-01,2023-03-31,56920.0,0.0,0.0,0.0,0.0
85939544B28801965730987,Palma,MOZ,ADM2,34475.47265625,18539,palma,False,Cabo Delgado,Palma,Nov 2022,2022-10-01,2023-03-31,0.0,,,,
85939544B74614871029564,Panda,MOZ,ADM2,24259.01953125,90495,panda,True,Inhambane,Panda,Nov 2022,2022-10-01,2023-03-31,45929.0,11481.0,0.25,25.0,6064.7548828125
85939544B33364168787730,Pebane,MOZ,ADM2,125182.421875,149482,pebane,True,Zambezia,Pebane,Nov 2022,2022-10-01,2023-03-31,246575.0,12328.0,0.05,5.0,6259.12109375
85939544B35031207172791,Quissanga,MOZ,ADM2,28075.44140625,7967,quissanga,False,Cabo Delgado,Quissanga,Nov 2022,2022-10-01,2023-03-31,0.0,,,,
85939544B86182788788384,Rapale,MOZ,ADM2,99318.9375,199976,rapale,True,Nampula,Rapale,Nov 2022,2022-10-01,2023-03-31,194955.0,48738.0,0.25,25.0,24829.734375
85939544B68369930448432,Ribaue,MOZ,ADM2,160141.1875,226610,ribaue,True,Nampula,Ribaue,Nov 2022,2022-10-01,2023-03-31,311522.0,15576.0,0.05,5.0,8007.059375000001
85939544B99370318353636,Sanga,MOZ,ADM2,46787.50390625,89184,sanga,True,Niassa,Sanga,Nov 2022,2022-10-01,2023-03-31,96380.0,0.0,0.0,0.0,0.0
85939544B81104327117882,Sussundenga,MOZ,ADM2,102630.2578125,230095,sussundenga,True,Manica,Sussundenga,Nov 2022,2022-10-01,2023-03-31,205189.0,10259.0,0.05,5.0,5131.512890625
85939544B86118750013731,Tambara,MOZ,ADM2,34772.35546875,27330,tambara,True,Manica,Tambara,Nov 2022,2022-10-01,2023-03-31,62978.0,6297.0,0.1,10.0,3477.235546875
85939544B8789366603018,Tsangano,MOZ,ADM2,124583.578125,139526,tsangano,True,Tete,Tsangano,Nov 2022,2022-10-01,2023-03-31,248008.0,12400.0,0.05,5.0,6229.17890625
85939544B72355494669336,Vanduzi,MOZ,ADM2,94267.375,131296,vanduzi,True,Manica,Vanduzi,Nov 2022,2022-10-01,2023-03-31,136047.0,6802.0,0.05,5.0,4713.368750000001
85939544B70195584825603,Vilankulo,MOZ,ADM2,79806.4453125,164253,vilankulo,True,Inhambane,Vilankulo,Nov 2022,2022-10-01,2023-03-31,167081.0,8354.0,0.05,5.0,3990.322265625
85939544B42929876675904,Zavala,MOZ,ADM2,84663.828125,151998,zavala,True,Inhambane,Zavala,Nov 2022,2022-10-01,2023-03-31,161832.0,0.0,0.0,0.0,0.0
85939544B34189520387166,Zumbu,MOZ,ADM2,53062.8359375,36025,zumbu,True,Tete,Zumbo,Nov 2022,2022-10-01,2023-03-31,96110.0,4805.0,0.05,5.0,2653.141796875
