shapeName,shapeID,under18_sum,valid_cell_count,worldpop_valid_cells,has_ipc_current_data,province,ipc_area,analysis_date,current_from,current_to,population_analyzed_current,phase3plus_number_current,phase3plus_fraction_current,phase3plus_percent_current,under18_phase3plus_exposure_proxy
Alto Molocue,85939544B55280380491119,213755.0625,363972,True,False,,,,,,,,,,
Ancuabe,85939544B12924931865401,92980.0078125,51808,True,True,Cabo Delgado,Ancuabe,Jul 2026,2026-07-01,2026-09-30,206125.0,30919.0,0.15,15.0,13947.001171875
Angoche,85939544B28799715012212,204043.0,81424,True,False,,,,,,,,,,
Angonia,85939544B12573256040215,263586.8125,180952,True,False,,,,,,,,,,
Balama,85939544B22682737370097,103711.765625,45246,True,False,,,,,,,,,,
Barue,85939544B78941967379031,114021.890625,153155,True,False,,,,,,,,,,
Bilene,85939544B43586850524471,57542.3125,39717,True,False,,,,,,,,,,
Boane,85939544B68927430168058,100631.7578125,55852,True,False,,,,,,,,,,
Buzi,85939544B98429522964184,103365.0546875,227309,True,True,Sofala,Buzi,Jul 2026,2026-07-01,2026-09-30,229141.0,57285.0,0.25,25.0,25841.263671875
Cahora Bassa,85939544B63348478902842,73532.875,69686,True,True,Tete,Cahora Bassa,Jul 2026,2026-07-01,2026-09-30,184617.0,27693.0,0.15,15.0,11029.93125
Caia,85939544B71313946873981,97468.328125,63442,True,False,,,,,,,,,,
Changara,85939544B96154885816761,74486.875,78193,True,False,,,,,,,,,,
Chemba,85939544B96550484342715,52900.3203125,59096,True,False,,,,,,,,,,
Cheringoma,85939544B41216917110496,36763.953125,37129,True,False,,,,,,,,,,
Chibabava,85939544B25886081823580,80586.5625,219326,True,True,Sofala,Chibabava,Jul 2026,2026-07-01,2026-09-30,173242.0,25986.0,0.15,15.0,12087.984375
Chibuto,85939544B98651386750815,120944.890625,142716,True,True,Gaza,Chibuto,Jul 2026,2026-07-01,2026-09-30,238148.0,47629.0,0.2,20.0,24188.978125
Chicualacuala,85939544B15867606683535,15709.1103515625,26665,True,False,,,,,,,,,,
Chifunde,85939544B38440784035247,94028.2109375,110258,True,False,,,,,,,,,,
Chigubo,85939544B66615302004978,10106.416015625,38619,True,False,,,,,,,,,,
Chimbonila,85939544B92418523619922,44414.22265625,164366,True,False,,,,,,,,,,
Chinde,85939544B82585183947830,50252.2890625,35230,True,False,,,,,,,,,,
Chiure,85939544B26812417695120,172697.453125,87080,True,True,Cabo Delgado,Chiure,Jul 2026,2026-07-01,2026-09-30,392649.0,78530.0,0.2,20.0,34539.490625
Chiuta,85939544B4853369515096,61578.859375,82783,True,False,,,,,,,,,,
Chokwe,85939544B8547864433088,120913.1484375,45603,True,True,Gaza,Chokwe,Jul 2026,2026-07-01,2026-09-30,246617.0,36993.0,0.15,15.0,18136.972265624998
Chongoene,85939544B23893317259127,84097.015625,98017,True,True,Gaza,Chongoene,Jul 2026,2026-07-01,2026-09-30,122383.0,12238.0,0.1,10.0,8409.7015625
Cidade Da Beira,85939544B78683919401949,291995.78125,31719,True,False,,,,,,,,,,
Cidade Da Matola,85939544B308430160587,473215.625,46310,True,False,,,,,,,,,,
Cidade De Chimoio,85939544B35135302322965,200853.75,16162,True,False,,,,,,,,,,
Cidade De Inhambane,85939544B19302565001464,40248.58203125,18817,True,False,,,,,,,,,,
Cidade De Lichinga,85939544B62365198391986,140149.0,17103,True,False,,,,,,,,,,
Cidade De Maputo,85939544B59479814848654,442010.875,32065,True,False,,,,,,,,,,
Cidade De Nampula,85939544B70859422468328,425966.875,30442,True,False,,,,,,,,,,
Cidade De Pemba,85939544B58572468312701,108447.5859375,7360,True,False,,,,,,,,,,
Cidade De Quelimane,85939544B40669081557189,185691.0,7230,True,False,,,,,,,,,,
Cidade De Tete,85939544B33116803936279,162020.34375,16771,True,False,,,,,,,,,,
Cidade De Xai-Xai,85939544B37239521731461,69943.125,7762,True,True,Gaza,Xai-Xai,Jul 2026,2026-07-01,2026-09-30,172913.0,8646.0,0.05,5.0,3497.15625
Cuamba,85939544B95923837460414,161332.625,167266,True,False,,,,,,,,,,
Derre,85939544B72257349680566,68912.65625,128349,True,False,,,,,,,,,,
Doa,85939544B50674606181773,54914.4375,32805,True,True,Tete,Doa,Jul 2026,2026-07-01,2026-09-30,108081.0,27020.0,0.25,25.0,13728.609375
Dondo,85939544B17350721147016,106366.953125,73133,True,False,,,,,,,,,,
Erati,85939544B1665883546251,224586.15625,183672,True,True,Nampula,Erati,Jul 2026,2026-07-01,2026-09-30,490923.0,49092.0,0.1,10.0,22458.615625000002
Funhalouro,85939544B45831091528789,24671.009765625,72275,True,False,,,,,,,,,,
Gile,85939544B5310870224650,131742.125,217325,True,False,,,,,,,,,,
Gondola,85939544B20117006553770,91195.046875,145068,True,False,,,,,,,,,,
Gorongosa,85939544B94652077383293,112424.6875,120804,True,False,,,,,,,,,,
Govuro,85939544B19130781251351,20001.087890625,30100,True,True,Inhambane,Govuro,Jul 2026,2026-07-01,2026-09-30,38561.0,5784.0,0.15,15.0,3000.16318359375
Guija,85939544B1211152631593,53496.015625,53005,True,True,Gaza,Guija,Jul 2026,2026-07-01,2026-09-30,94271.0,14141.0,0.15,15.0,8024.40234375
Guro,85939544B86319968156717,61807.1796875,77338,True,True,Manica,Guro,Jul 2026,2026-07-01,2026-09-30,121234.0,24247.0,0.2,20.0,12361.4359375
Gurue,85939544B52550879093260,251897.59375,310634,True,False,,,,,,,,,,
Homoine,85939544B9969435799517,63245.3515625,131914,True,False,,,,,,,,,,
Ibo,85939544B72266919853878,5953.359375,1586,True,False,,,,,,,,,,
Ile,85939544B3686787806290,115639.609375,244251,True,False,,,,,,,,,,
Ilha De Moçambique,85939544B37446089230364,36344.359375,7452,True,False,,,,,,,,,,
Ilha Licom,85939544B53859921366962,,0,False,False,,,,,,,,,,
Ilha Risunodo,85939544B49635827229265,,0,False,False,,,,,,,,,,
Inharrime,85939544B69817996790019,64788.95703125,120171,True,False,,,,,,,,,,
Inhassoro,85939544B58581363474884,30629.44921875,57967,True,True,Inhambane,Inhassoro,Jul 2026,2026-07-01,2026-09-30,63609.0,6361.0,0.1,10.0,3062.944921875
Inhassunge,85939544B84899286441367,50337.97265625,24607,True,False,,,,,,,,,,
Jangamo,85939544B63223307878319,59385.265625,91532,True,False,,,,,,,,,,
Lago,85939544B52795804394919,62009.33984375,46277,True,False,,,,,,,,,,
Lago Niassa,85939544B11916103118899,1746.8076171875,1167,True,False,,,,,,,,,,
Lalaua,85939544B71599092008043,67173.625,91471,True,False,,,,,,,,,,
Larde,85939544B26264863650897,59811.671875,32129,True,False,,,,,,,,,,
Limpopo,85939544B55875453752427,101645.859375,53981,True,True,Gaza,Limpopo,Jul 2026,2026-07-01,2026-09-30,154790.0,15479.0,0.1,10.0,10164.5859375
Liúpo,85939544B62807674730552,53789.65234375,39049,True,False,,,,,,,,,,
Luabo,85939544B83504353793512,35554.48828125,22564,True,False,,,,,,,,,,
Lugela,85939544B172449318268,111432.9765625,202456,True,False,,,,,,,,,,
Mabalane,85939544B83676990250137,22990.578125,24708,True,True,Gaza,Mabalane,Jul 2026,2026-07-01,2026-09-30,39791.0,5969.0,0.15,15.0,3448.58671875
Mabote,85939544B65323255513357,28604.515625,63911,True,False,,,,,,,,,,
Macanga,85939544B71238690131788,95454.1875,216285,True,False,,,,,,,,,,
Macate,85939544B829507062217,51265.92578125,110102,True,False,,,,,,,,,,
Machanga,85939544B66501899539367,32388.732421875,36103,True,True,Sofala,Machanga,Jul 2026,2026-07-01,2026-09-30,71588.0,17897.0,0.25,25.0,8097.18310546875
Machaze,85939544B88211826741163,77079.5,284259,True,False,,,,,,,,,,
Macomia,85939544B2345621089228,63236.61328125,18770,True,True,Cabo Delgado,Macomia,Jul 2026,2026-07-01,2026-09-30,150592.0,60237.0,0.4,40.0,25294.6453125
Macossa,85939544B71036498933536,30139.115234375,43409,True,False,,,,,,,,,,
Maganja Da Costa,85939544B26352047498043,88627.625,89380,True,True,Zambezia,Maganja Da Costa,Jul 2026,2026-07-01,2026-09-30,187476.0,18748.0,0.1,10.0,8862.7625
Magoe,85939544B26060528055494,50858.578125,51185,True,False,,,,,,,,,,
Magude,85939544B12261721998883,33189.859375,60398,True,True,Maputo,Magude,Jul 2026,2026-07-01,2026-09-30,89923.0,13488.0,0.15,15.0,4978.478906249999
Majune,85939544B16952446601864,24593.91015625,21887,True,False,,,,,,,,,,
Malema,85939544B80247740523844,128499.484375,193915,True,False,,,,,,,,,,
Mandimba,85939544B48761792497071,131677.296875,100960,True,False,,,,,,,,,,
Mandlakaze,85939544B24219595709494,56835.09375,119161,True,False,,,,,,,,,,
Manhiça,85939544B91620585279817,107888.546875,81695,True,True,Maputo,Manhiça,Jul 2026,2026-07-01,2026-09-30,295983.0,14799.0,0.05,5.0,5394.427343750001
Manica,85939544B32725727804377,126637.8984375,124780,True,True,Manica,Manica,Jul 2026,2026-07-01,2026-09-30,300949.0,15047.0,0.05,5.0,6331.894921875
Mapai,85939544B45935423796795,19270.74609375,36131,True,False,,,,,,,,,,
Maquival,85939544B65123265698186,26556.638671875,28001,True,False,,,,,,,,,,
Marara,85939544B55684561557182,44541.984375,66213,True,False,,,,,,,,,,
Maravia,85939544B82621359487865,78038.890625,77466,True,False,,,,,,,,,,
Maringue,85939544B35485552295049,61360.640625,98850,True,True,Sofala,Maringue,Jul 2026,2026-07-01,2026-09-30,122240.0,18336.0,0.15,15.0,9204.09609375
Marracuene,85939544B2591372162698,109422.546875,39417,True,True,Maputo,Marracuene,Jul 2026,2026-07-01,2026-09-30,315877.0,15794.0,0.05,5.0,5471.12734375
Marromeu,85939544B84282844658581,93968.2109375,59122,True,False,,,,,,,,,,
Marrupa,85939544B26738067837562,47270.6796875,79909,True,False,,,,,,,,,,
Massangena,85939544B81330952052148,11658.72265625,25467,True,False,,,,,,,,,,
Massinga,85939544B96403406066950,125423.765625,307946,True,False,,,,,,,,,,
Massingir,85939544B66771942168992,21659.197265625,12778,True,True,Gaza,Massingir,Jul 2026,2026-07-01,2026-09-30,37844.0,5677.0,0.15,15.0,3248.8795898437497
Matutuine,85939544B97303459234614,20829.626953125,59045,True,False,,,,,,,,,,
Maua,85939544B33000714085001,41819.02734375,63328,True,False,,,,,,,,,,
Mavago,85939544B69199020344442,19195.85546875,19643,True,False,,,,,,,,,,
Maxixe,85939544B37735984540105,65371.5859375,27189,True,False,,,,,,,,,,
Mecanhelas,85939544B26392807278532,173262.15625,164419,True,False,,,,,,,,,,
Meconta,85939544B84793619782311,132665.453125,139022,True,False,,,,,,,,,,
Mecuburi,85939544B36345946298130,126988.3125,154774,True,False,,,,,,,,,,
Mecufi,85939544B73793826279493,36566.421875,16448,True,True,Cabo Delgado,Mecufi,Jul 2026,2026-07-01,2026-09-30,79587.0,11938.0,0.15,15.0,5484.963281249999
Mecula,85939544B86519405521682,12019.1201171875,14341,True,False,,,,,,,,,,
Meluco,85939544B29216683074298,21276.921875,14629,True,True,Cabo Delgado,Meluco,Jul 2026,2026-07-01,2026-09-30,47478.0,9496.0,0.2,20.0,4255.384375000001
Memba,85939544B76219123027909,198206.15625,123095,True,True,Nampula,Memba,Jul 2026,2026-07-01,2026-09-30,409914.0,40991.0,0.1,10.0,19820.615625000002
Metarica,85939544B27352268742856,28236.9453125,43807,True,False,,,,,,,,,,
Metuge,85939544B43724113746926,49729.4296875,10570,True,True,Cabo Delgado,Metuge,Jul 2026,2026-07-01,2026-09-30,112373.0,11237.0,0.1,10.0,4972.942968750001
Milange,85939544B24654814708458,363712.4375,351980,True,False,,,,,,,,,,
Moamba,85939544B51879158696861,42826.38671875,93002,True,True,Maputo,Moamba,Jul 2026,2026-07-01,2026-09-30,127905.0,6395.0,0.05,5.0,2141.3193359375
Moatize,85939544B94790467869630,153534.53125,127283,True,True,Tete,Moatize,Jul 2026,2026-07-01,2026-09-30,364637.0,54696.0,0.15,15.0,23030.1796875
Mocimboa Da Praia,85939544B54758933622764,68172.4609375,18038,True,True,Cabo Delgado,Mocimboa Da Praia,Jul 2026,2026-07-01,2026-09-30,170873.0,68349.0,0.4,40.0,27268.984375
Mocuba,85939544B358257057392,242756.859375,320779,True,False,,,,,,,,,,
Mocubela,85939544B38416709222197,72527.9296875,81860,True,False,,,,,,,,,,
Mogincual,85939544B68532442394498,59268.5703125,40535,True,False,,,,,,,,,,
Mogovolas,85939544B32350532447413,217384.984375,268740,True,False,,,,,,,,,,
Molumbo,85939544B56224707964526,201067.8125,283699,True,False,,,,,,,,,,
Moma,85939544B26201267157646,193986.375,148814,True,False,,,,,,,,,,
Monapo,85939544B30642509050116,234931.09375,157711,True,False,,,,,,,,,,
Montepuez,85939544B74766547400417,151064.21875,70336,True,False,,,,,,,,,,
Mopeia,85939544B50332228011696,96022.78125,100373,True,False,,,,,,,,,,
Morrumbala,85939544B61462515035200,231907.734375,250850,True,False,,,,,,,,,,
Morrumbene,85939544B85400452133709,73701.3828125,135280,True,False,,,,,,,,,,
Mossuril,85939544B64339198961844,99387.0234375,61906,True,False,,,,,,,,,,
Mossurize,85939544B24800488676804,117788.3828125,282825,True,True,Manica,Mossurize,Jul 2026,2026-07-01,2026-09-30,254072.0,25407.0,0.1,10.0,11778.83828125
Muanza,85939544B50673994435668,24154.9453125,51922,True,True,Sofala,Muanza,Jul 2026,2026-07-01,2026-09-30,48987.0,14696.0,0.3,30.0,7246.48359375
Muecate,85939544B7087427782291,83182.0625,120158,True,False,,,,,,,,,,
Mueda,85939544B28759712944697,92863.8984375,42831,True,True,Cabo Delgado,Mueda,Jul 2026,2026-07-01,2026-09-30,225268.0,33790.0,0.15,15.0,13929.584765624999
Muembe,85939544B2234925194697,27497.912109375,43134,True,False,,,,,,,,,,
Muidumbe,85939544B92892346973749,53912.26171875,14241,True,True,Cabo Delgado,Muidumbe,Jul 2026,2026-07-01,2026-09-30,127879.0,12788.0,0.1,10.0,5391.226171875001
Mulevala,85939544B54372279750556,64024.9296875,149463,True,False,,,,,,,,,,
Murrupula,85939544B53018455745149,113595.96875,158471,True,False,,,,,,,,,,
Mutarara,85939544B58328889190937,103311.125,50961,True,True,Tete,Mutarara,Jul 2026,2026-07-01,2026-09-30,222038.0,55510.0,0.25,25.0,25827.78125
Nacala,85939544B80255250880532,161432.703125,14953,True,False,,,,,,,,,,
Nacala-A-Velha,85939544B78261911608408,70716.546875,47474,True,False,,,,,,,,,,
Nacaroa,85939544B80156310814638,87272.6875,124864,True,False,,,,,,,,,,
Namaacha,85939544B88728478280907,23028.21484375,38704,True,False,,,,,,,,,,
Namacurra,85939544B74893021327700,125107.828125,87270,True,True,Zambezia,Namacurra,Jul 2026,2026-07-01,2026-09-30,277702.0,27770.0,0.1,10.0,12510.782812500001
Namarroi,85939544B64189871111735,86812.6953125,179378,True,False,,,,,,,,,,
Namuno,85939544B68242516881190,143950.03125,68363,True,False,,,,,,,,,,
Nangade,85939544B17838134976629,49110.484375,24822,True,True,Cabo Delgado,Nangade,Jul 2026,2026-07-01,2026-09-30,116037.0,17406.0,0.15,15.0,7366.572656249999
Ngauma,85939544B1529593178446,59205.81640625,92850,True,False,,,,,,,,,,
Nhamatanda,85939544B48412147332355,163723.796875,180164,True,True,Sofala,Nhamatanda,Jul 2026,2026-07-01,2026-09-30,362887.0,54433.0,0.15,15.0,24558.56953125
Nicoadala,85939544B24973508625893,83538.75,80750,True,False,,,,,,,,,,
Nipepe,85939544B55402666252817,28360.625,29397,True,False,,,,,,,,,,
Palma,85939544B28801965730987,34475.47265625,18539,True,False,,,,,,,,,,
Panda,85939544B74614871029564,24259.01953125,90495,True,False,,,,,,,,,,
Pebane,85939544B33364168787730,125182.421875,149482,True,False,,,,,,,,,,
Quissanga,85939544B35031207172791,28075.44140625,7967,True,True,Cabo Delgado,Quissanga,Jul 2026,2026-07-01,2026-09-30,65017.0,22756.0,0.35,35.0,9826.4044921875
Rapale,85939544B86182788788384,99318.9375,199976,True,False,,,,,,,,,,
Ribaue,85939544B68369930448432,160141.1875,226610,True,False,,,,,,,,,,
Sanga,85939544B99370318353636,46787.50390625,89184,True,False,,,,,,,,,,
Sussundenga,85939544B81104327117882,102630.2578125,230095,True,True,Manica,Sussundenga,Jul 2026,2026-07-01,2026-09-30,220976.0,22098.0,0.1,10.0,10263.02578125
Tambara,85939544B86118750013731,34772.35546875,27330,True,False,,,,,,,,,,
Tsangano,85939544B8789366603018,124583.578125,139526,True,False,,,,,,,,,,
Vanduzi,85939544B72355494669336,94267.375,131296,True,True,Manica,Vanduzi,Jul 2026,2026-07-01,2026-09-30,144232.0,14423.0,0.1,10.0,9426.737500000001
Vilankulo,85939544B70195584825603,79806.4453125,164253,True,True,Inhambane,Vilankulo,Jul 2026,2026-07-01,2026-09-30,173878.0,17388.0,0.1,10.0,7980.64453125
Zavala,85939544B42929876675904,84663.828125,151998,True,False,,,,,,,,,,
Zumbu,85939544B34189520387166,53062.8359375,36025,True,True,Tete,Zumbu,Jul 2026,2026-07-01,2026-09-30,103235.0,10324.0,0.1,10.0,5306.28359375
