Date of analysis,Country,Total country population,Level 1,Area,Validity period,From,To,Phase,Number,Percentage
Jul 2026,MOZ,34958973,Tete,Zumbu,current,2026-07-01,2026-09-30,all,103235,1.0
Jul 2026,MOZ,34958973,Tete,Zumbu,current,2026-07-01,2026-09-30,3+,10324,0.1
Jul 2026,MOZ,34958973,Tete,Zumbu,current,2026-07-01,2026-09-30,1,36132,0.35
Jul 2026,MOZ,34958973,Tete,Zumbu,current,2026-07-01,2026-09-30,2,56779,0.55
Jul 2026,MOZ,34958973,Tete,Zumbu,current,2026-07-01,2026-09-30,3,10324,0.1
Jul 2026,MOZ,34958973,Tete,Zumbu,current,2026-07-01,2026-09-30,4,0,0
Jul 2026,MOZ,34958973,Tete,Zumbu,current,2026-07-01,2026-09-30,5,0,0
Jul 2026,MOZ,34958973,Tete,Zumbu,first projection,2026-10-01,2027-03-31,all,103235,1.0
Jul 2026,MOZ,34958973,Tete,Zumbu,first projection,2026-10-01,2027-03-31,3+,15485,0.15
Jul 2026,MOZ,34958973,Tete,Zumbu,first projection,2026-10-01,2027-03-31,1,30971,0.3
Jul 2026,MOZ,34958973,Tete,Zumbu,first projection,2026-10-01,2027-03-31,2,56779,0.55
Jul 2026,MOZ,34958973,Tete,Zumbu,first projection,2026-10-01,2027-03-31,3,15485,0.15
Jul 2026,MOZ,34958973,Tete,Zumbu,first projection,2026-10-01,2027-03-31,4,0,0
Jul 2026,MOZ,34958973,Tete,Zumbu,first projection,2026-10-01,2027-03-31,5,0,0
Jul 2026,MOZ,34958973,Tete,Cahora Bassa,current,2026-07-01,2026-09-30,all,184617,1.0
Jul 2026,MOZ,34958973,Tete,Cahora Bassa,current,2026-07-01,2026-09-30,3+,27693,0.15
Jul 2026,MOZ,34958973,Tete,Cahora Bassa,current,2026-07-01,2026-09-30,1,110770,0.6
Jul 2026,MOZ,34958973,Tete,Cahora Bassa,current,2026-07-01,2026-09-30,2,46154,0.25
Jul 2026,MOZ,34958973,Tete,Cahora Bassa,current,2026-07-01,2026-09-30,3,27693,0.15
Jul 2026,MOZ,34958973,Tete,Cahora Bassa,current,2026-07-01,2026-09-30,4,0,0
Jul 2026,MOZ,34958973,Tete,Cahora Bassa,current,2026-07-01,2026-09-30,5,0,0
Jul 2026,MOZ,34958973,Tete,Cahora Bassa,first projection,2026-10-01,2027-03-31,all,184617,1.0
Jul 2026,MOZ,34958973,Tete,Cahora Bassa,first projection,2026-10-01,2027-03-31,3+,36923,0.2
Jul 2026,MOZ,34958973,Tete,Cahora Bassa,first projection,2026-10-01,2027-03-31,1,73847,0.4
Jul 2026,MOZ,34958973,Tete,Cahora Bassa,first projection,2026-10-01,2027-03-31,2,73847,0.4
Jul 2026,MOZ,34958973,Tete,Cahora Bassa,first projection,2026-10-01,2027-03-31,3,36923,0.2
Jul 2026,MOZ,34958973,Tete,Cahora Bassa,first projection,2026-10-01,2027-03-31,4,0,0
Jul 2026,MOZ,34958973,Tete,Cahora Bassa,first projection,2026-10-01,2027-03-31,5,0,0
Jul 2026,MOZ,34958973,Tete,Doa,current,2026-07-01,2026-09-30,all,108081,1.0
Jul 2026,MOZ,34958973,Tete,Doa,current,2026-07-01,2026-09-30,3+,27020,0.25
Jul 2026,MOZ,34958973,Tete,Doa,current,2026-07-01,2026-09-30,1,48636,0.45
Jul 2026,MOZ,34958973,Tete,Doa,current,2026-07-01,2026-09-30,2,32424,0.3
Jul 2026,MOZ,34958973,Tete,Doa,current,2026-07-01,2026-09-30,3,21616,0.2
Jul 2026,MOZ,34958973,Tete,Doa,current,2026-07-01,2026-09-30,4,5404,0.05
Jul 2026,MOZ,34958973,Tete,Doa,current,2026-07-01,2026-09-30,5,0,0
Jul 2026,MOZ,34958973,Tete,Doa,first projection,2026-10-01,2027-03-31,all,108081,1.0
Jul 2026,MOZ,34958973,Tete,Doa,first projection,2026-10-01,2027-03-31,3+,32424,0.3
Jul 2026,MOZ,34958973,Tete,Doa,first projection,2026-10-01,2027-03-31,1,37828,0.35
Jul 2026,MOZ,34958973,Tete,Doa,first projection,2026-10-01,2027-03-31,2,37828,0.35
Jul 2026,MOZ,34958973,Tete,Doa,first projection,2026-10-01,2027-03-31,3,27020,0.25
Jul 2026,MOZ,34958973,Tete,Doa,first projection,2026-10-01,2027-03-31,4,5404,0.05
Jul 2026,MOZ,34958973,Tete,Doa,first projection,2026-10-01,2027-03-31,5,0,0
Jul 2026,MOZ,34958973,Tete,Moatize,current,2026-07-01,2026-09-30,all,364637,1.0
Jul 2026,MOZ,34958973,Tete,Moatize,current,2026-07-01,2026-09-30,3+,54696,0.15
Jul 2026,MOZ,34958973,Tete,Moatize,current,2026-07-01,2026-09-30,1,145855,0.4
Jul 2026,MOZ,34958973,Tete,Moatize,current,2026-07-01,2026-09-30,2,164087,0.45
Jul 2026,MOZ,34958973,Tete,Moatize,current,2026-07-01,2026-09-30,3,54696,0.15
Jul 2026,MOZ,34958973,Tete,Moatize,current,2026-07-01,2026-09-30,4,0,0
Jul 2026,MOZ,34958973,Tete,Moatize,current,2026-07-01,2026-09-30,5,0,0
Jul 2026,MOZ,34958973,Tete,Moatize,first projection,2026-10-01,2027-03-31,all,364637,1.0
Jul 2026,MOZ,34958973,Tete,Moatize,first projection,2026-10-01,2027-03-31,3+,91159,0.25
Jul 2026,MOZ,34958973,Tete,Moatize,first projection,2026-10-01,2027-03-31,1,109391,0.3
Jul 2026,MOZ,34958973,Tete,Moatize,first projection,2026-10-01,2027-03-31,2,164087,0.45
Jul 2026,MOZ,34958973,Tete,Moatize,first projection,2026-10-01,2027-03-31,3,91159,0.25
Jul 2026,MOZ,34958973,Tete,Moatize,first projection,2026-10-01,2027-03-31,4,0,0
Jul 2026,MOZ,34958973,Tete,Moatize,first projection,2026-10-01,2027-03-31,5,0,0
Jul 2026,MOZ,34958973,Tete,Mutarara,current,2026-07-01,2026-09-30,all,222038,1.0
Jul 2026,MOZ,34958973,Tete,Mutarara,current,2026-07-01,2026-09-30,3+,55510,0.25
Jul 2026,MOZ,34958973,Tete,Mutarara,current,2026-07-01,2026-09-30,1,88815,0.4
Jul 2026,MOZ,34958973,Tete,Mutarara,current,2026-07-01,2026-09-30,2,77713,0.35
Jul 2026,MOZ,34958973,Tete,Mutarara,current,2026-07-01,2026-09-30,3,44408,0.2
Jul 2026,MOZ,34958973,Tete,Mutarara,current,2026-07-01,2026-09-30,4,11102,0.05
Jul 2026,MOZ,34958973,Tete,Mutarara,current,2026-07-01,2026-09-30,5,0,0
Jul 2026,MOZ,34958973,Tete,Mutarara,first projection,2026-10-01,2027-03-31,all,222038,1.0
Jul 2026,MOZ,34958973,Tete,Mutarara,first projection,2026-10-01,2027-03-31,3+,66612,0.3
Jul 2026,MOZ,34958973,Tete,Mutarara,first projection,2026-10-01,2027-03-31,1,77713,0.35
Jul 2026,MOZ,34958973,Tete,Mutarara,first projection,2026-10-01,2027-03-31,2,77713,0.35
Jul 2026,MOZ,34958973,Tete,Mutarara,first projection,2026-10-01,2027-03-31,3,55510,0.25
Jul 2026,MOZ,34958973,Tete,Mutarara,first projection,2026-10-01,2027-03-31,4,11102,0.05
Jul 2026,MOZ,34958973,Tete,Mutarara,first projection,2026-10-01,2027-03-31,5,0,0
Jul 2026,MOZ,34958973,Gaza,Massingir,current,2026-07-01,2026-09-30,all,37844,1.0
Jul 2026,MOZ,34958973,Gaza,Massingir,current,2026-07-01,2026-09-30,3+,5677,0.15
Jul 2026,MOZ,34958973,Gaza,Massingir,current,2026-07-01,2026-09-30,1,17030,0.45
Jul 2026,MOZ,34958973,Gaza,Massingir,current,2026-07-01,2026-09-30,2,15138,0.4
Jul 2026,MOZ,34958973,Gaza,Massingir,current,2026-07-01,2026-09-30,3,5677,0.15
Jul 2026,MOZ,34958973,Gaza,Massingir,current,2026-07-01,2026-09-30,4,0,0
Jul 2026,MOZ,34958973,Gaza,Massingir,current,2026-07-01,2026-09-30,5,0,0
Jul 2026,MOZ,34958973,Gaza,Massingir,first projection,2026-10-01,2027-03-31,all,37844,1.0
Jul 2026,MOZ,34958973,Gaza,Massingir,first projection,2026-10-01,2027-03-31,3+,9461,0.25
Jul 2026,MOZ,34958973,Gaza,Massingir,first projection,2026-10-01,2027-03-31,1,11353,0.3
Jul 2026,MOZ,34958973,Gaza,Massingir,first projection,2026-10-01,2027-03-31,2,17030,0.45
Jul 2026,MOZ,34958973,Gaza,Massingir,first projection,2026-10-01,2027-03-31,3,7569,0.2
Jul 2026,MOZ,34958973,Gaza,Massingir,first projection,2026-10-01,2027-03-31,4,1892,0.05
Jul 2026,MOZ,34958973,Gaza,Massingir,first projection,2026-10-01,2027-03-31,5,0,0
Jul 2026,MOZ,34958973,Gaza,Chibuto,current,2026-07-01,2026-09-30,all,238148,1.0
Jul 2026,MOZ,34958973,Gaza,Chibuto,current,2026-07-01,2026-09-30,3+,47629,0.2
Jul 2026,MOZ,34958973,Gaza,Chibuto,current,2026-07-01,2026-09-30,1,119074,0.5
Jul 2026,MOZ,34958973,Gaza,Chibuto,current,2026-07-01,2026-09-30,2,71444,0.3
Jul 2026,MOZ,34958973,Gaza,Chibuto,current,2026-07-01,2026-09-30,3,35722,0.15
Jul 2026,MOZ,34958973,Gaza,Chibuto,current,2026-07-01,2026-09-30,4,11907,0.05
Jul 2026,MOZ,34958973,Gaza,Chibuto,current,2026-07-01,2026-09-30,5,0,0
Jul 2026,MOZ,34958973,Gaza,Chibuto,first projection,2026-10-01,2027-03-31,all,238148,1.0
Jul 2026,MOZ,34958973,Gaza,Chibuto,first projection,2026-10-01,2027-03-31,3+,59537,0.25
Jul 2026,MOZ,34958973,Gaza,Chibuto,first projection,2026-10-01,2027-03-31,1,107167,0.45
Jul 2026,MOZ,34958973,Gaza,Chibuto,first projection,2026-10-01,2027-03-31,2,71444,0.3
Jul 2026,MOZ,34958973,Gaza,Chibuto,first projection,2026-10-01,2027-03-31,3,47630,0.2
Jul 2026,MOZ,34958973,Gaza,Chibuto,first projection,2026-10-01,2027-03-31,4,11907,0.05
Jul 2026,MOZ,34958973,Gaza,Chibuto,first projection,2026-10-01,2027-03-31,5,0,0
Jul 2026,MOZ,34958973,Gaza,Chokwe,current,2026-07-01,2026-09-30,all,246617,1.0
Jul 2026,MOZ,34958973,Gaza,Chokwe,current,2026-07-01,2026-09-30,3+,36993,0.15
Jul 2026,MOZ,34958973,Gaza,Chokwe,current,2026-07-01,2026-09-30,1,147970,0.6
Jul 2026,MOZ,34958973,Gaza,Chokwe,current,2026-07-01,2026-09-30,2,61654,0.25
Jul 2026,MOZ,34958973,Gaza,Chokwe,current,2026-07-01,2026-09-30,3,36993,0.15
Jul 2026,MOZ,34958973,Gaza,Chokwe,current,2026-07-01,2026-09-30,4,0,0
Jul 2026,MOZ,34958973,Gaza,Chokwe,current,2026-07-01,2026-09-30,5,0,0
Jul 2026,MOZ,34958973,Gaza,Chokwe,first projection,2026-10-01,2027-03-31,all,246617,1.0
Jul 2026,MOZ,34958973,Gaza,Chokwe,first projection,2026-10-01,2027-03-31,3+,61654,0.25
Jul 2026,MOZ,34958973,Gaza,Chokwe,first projection,2026-10-01,2027-03-31,1,110978,0.45
Jul 2026,MOZ,34958973,Gaza,Chokwe,first projection,2026-10-01,2027-03-31,2,73985,0.3
Jul 2026,MOZ,34958973,Gaza,Chokwe,first projection,2026-10-01,2027-03-31,3,49323,0.2
Jul 2026,MOZ,34958973,Gaza,Chokwe,first projection,2026-10-01,2027-03-31,4,12331,0.05
Jul 2026,MOZ,34958973,Gaza,Chokwe,first projection,2026-10-01,2027-03-31,5,0,0
Jul 2026,MOZ,34958973,Gaza,Chongoene,current,2026-07-01,2026-09-30,all,122383,1.0
Jul 2026,MOZ,34958973,Gaza,Chongoene,current,2026-07-01,2026-09-30,3+,12238,0.1
Jul 2026,MOZ,34958973,Gaza,Chongoene,current,2026-07-01,2026-09-30,1,61192,0.5
Jul 2026,MOZ,34958973,Gaza,Chongoene,current,2026-07-01,2026-09-30,2,48953,0.4
Jul 2026,MOZ,34958973,Gaza,Chongoene,current,2026-07-01,2026-09-30,3,12238,0.1
Jul 2026,MOZ,34958973,Gaza,Chongoene,current,2026-07-01,2026-09-30,4,0,0
Jul 2026,MOZ,34958973,Gaza,Chongoene,current,2026-07-01,2026-09-30,5,0,0
Jul 2026,MOZ,34958973,Gaza,Chongoene,first projection,2026-10-01,2027-03-31,all,122383,1.0
Jul 2026,MOZ,34958973,Gaza,Chongoene,first projection,2026-10-01,2027-03-31,3+,30596,0.25
Jul 2026,MOZ,34958973,Gaza,Chongoene,first projection,2026-10-01,2027-03-31,1,48953,0.4
Jul 2026,MOZ,34958973,Gaza,Chongoene,first projection,2026-10-01,2027-03-31,2,42834,0.35
Jul 2026,MOZ,34958973,Gaza,Chongoene,first projection,2026-10-01,2027-03-31,3,24477,0.2
Jul 2026,MOZ,34958973,Gaza,Chongoene,first projection,2026-10-01,2027-03-31,4,6119,0.05
Jul 2026,MOZ,34958973,Gaza,Chongoene,first projection,2026-10-01,2027-03-31,5,0,0
Jul 2026,MOZ,34958973,Gaza,Guija,current,2026-07-01,2026-09-30,all,94271,1.0
Jul 2026,MOZ,34958973,Gaza,Guija,current,2026-07-01,2026-09-30,3+,14141,0.15
Jul 2026,MOZ,34958973,Gaza,Guija,current,2026-07-01,2026-09-30,1,42422,0.45
Jul 2026,MOZ,34958973,Gaza,Guija,current,2026-07-01,2026-09-30,2,37708,0.4
Jul 2026,MOZ,34958973,Gaza,Guija,current,2026-07-01,2026-09-30,3,14141,0.15
Jul 2026,MOZ,34958973,Gaza,Guija,current,2026-07-01,2026-09-30,4,0,0
Jul 2026,MOZ,34958973,Gaza,Guija,current,2026-07-01,2026-09-30,5,0,0
Jul 2026,MOZ,34958973,Gaza,Guija,first projection,2026-10-01,2027-03-31,all,94271,1.0
Jul 2026,MOZ,34958973,Gaza,Guija,first projection,2026-10-01,2027-03-31,3+,23568,0.25
Jul 2026,MOZ,34958973,Gaza,Guija,first projection,2026-10-01,2027-03-31,1,32995,0.35
Jul 2026,MOZ,34958973,Gaza,Guija,first projection,2026-10-01,2027-03-31,2,37708,0.4
Jul 2026,MOZ,34958973,Gaza,Guija,first projection,2026-10-01,2027-03-31,3,18854,0.2
Jul 2026,MOZ,34958973,Gaza,Guija,first projection,2026-10-01,2027-03-31,4,4714,0.05
Jul 2026,MOZ,34958973,Gaza,Guija,first projection,2026-10-01,2027-03-31,5,0,0
Jul 2026,MOZ,34958973,Gaza,Limpopo,current,2026-07-01,2026-09-30,all,154790,1.0
Jul 2026,MOZ,34958973,Gaza,Limpopo,current,2026-07-01,2026-09-30,3+,15479,0.1
Jul 2026,MOZ,34958973,Gaza,Limpopo,current,2026-07-01,2026-09-30,1,92874,0.6
Jul 2026,MOZ,34958973,Gaza,Limpopo,current,2026-07-01,2026-09-30,2,46437,0.3
Jul 2026,MOZ,34958973,Gaza,Limpopo,current,2026-07-01,2026-09-30,3,15479,0.1
Jul 2026,MOZ,34958973,Gaza,Limpopo,current,2026-07-01,2026-09-30,4,0,0
Jul 2026,MOZ,34958973,Gaza,Limpopo,current,2026-07-01,2026-09-30,5,0,0
Jul 2026,MOZ,34958973,Gaza,Limpopo,first projection,2026-10-01,2027-03-31,all,154790,1.0
Jul 2026,MOZ,34958973,Gaza,Limpopo,first projection,2026-10-01,2027-03-31,3+,30959,0.2
Jul 2026,MOZ,34958973,Gaza,Limpopo,first projection,2026-10-01,2027-03-31,1,77395,0.5
Jul 2026,MOZ,34958973,Gaza,Limpopo,first projection,2026-10-01,2027-03-31,2,46437,0.3
Jul 2026,MOZ,34958973,Gaza,Limpopo,first projection,2026-10-01,2027-03-31,3,23219,0.15
Jul 2026,MOZ,34958973,Gaza,Limpopo,first projection,2026-10-01,2027-03-31,4,7740,0.05
Jul 2026,MOZ,34958973,Gaza,Limpopo,first projection,2026-10-01,2027-03-31,5,0,0
Jul 2026,MOZ,34958973,Gaza,Mabalane,current,2026-07-01,2026-09-30,all,39791,1.0
Jul 2026,MOZ,34958973,Gaza,Mabalane,current,2026-07-01,2026-09-30,3+,5969,0.15
Jul 2026,MOZ,34958973,Gaza,Mabalane,current,2026-07-01,2026-09-30,1,17906,0.45
Jul 2026,MOZ,34958973,Gaza,Mabalane,current,2026-07-01,2026-09-30,2,15916,0.4
Jul 2026,MOZ,34958973,Gaza,Mabalane,current,2026-07-01,2026-09-30,3,3979,0.1
Jul 2026,MOZ,34958973,Gaza,Mabalane,current,2026-07-01,2026-09-30,4,1990,0.05
Jul 2026,MOZ,34958973,Gaza,Mabalane,current,2026-07-01,2026-09-30,5,0,0
Jul 2026,MOZ,34958973,Gaza,Mabalane,first projection,2026-10-01,2027-03-31,all,39791,1.0
Jul 2026,MOZ,34958973,Gaza,Mabalane,first projection,2026-10-01,2027-03-31,3+,11937,0.3
Jul 2026,MOZ,34958973,Gaza,Mabalane,first projection,2026-10-01,2027-03-31,1,13927,0.35
Jul 2026,MOZ,34958973,Gaza,Mabalane,first projection,2026-10-01,2027-03-31,2,13927,0.35
Jul 2026,MOZ,34958973,Gaza,Mabalane,first projection,2026-10-01,2027-03-31,3,7958,0.2
Jul 2026,MOZ,34958973,Gaza,Mabalane,first projection,2026-10-01,2027-03-31,4,3979,0.1
Jul 2026,MOZ,34958973,Gaza,Mabalane,first projection,2026-10-01,2027-03-31,5,0,0
Jul 2026,MOZ,34958973,Gaza,Xai-Xai,current,2026-07-01,2026-09-30,all,172913,1.0
Jul 2026,MOZ,34958973,Gaza,Xai-Xai,current,2026-07-01,2026-09-30,3+,8646,0.05
Jul 2026,MOZ,34958973,Gaza,Xai-Xai,current,2026-07-01,2026-09-30,1,112393,0.65
Jul 2026,MOZ,34958973,Gaza,Xai-Xai,current,2026-07-01,2026-09-30,2,51874,0.3
Jul 2026,MOZ,34958973,Gaza,Xai-Xai,current,2026-07-01,2026-09-30,3,8646,0.05
Jul 2026,MOZ,34958973,Gaza,Xai-Xai,current,2026-07-01,2026-09-30,4,0,0
Jul 2026,MOZ,34958973,Gaza,Xai-Xai,current,2026-07-01,2026-09-30,5,0,0
Jul 2026,MOZ,34958973,Gaza,Xai-Xai,first projection,2026-10-01,2027-03-31,all,172913,1.0
Jul 2026,MOZ,34958973,Gaza,Xai-Xai,first projection,2026-10-01,2027-03-31,3+,17291,0.1
Jul 2026,MOZ,34958973,Gaza,Xai-Xai,first projection,2026-10-01,2027-03-31,1,112393,0.65
Jul 2026,MOZ,34958973,Gaza,Xai-Xai,first projection,2026-10-01,2027-03-31,2,43228,0.25
Jul 2026,MOZ,34958973,Gaza,Xai-Xai,first projection,2026-10-01,2027-03-31,3,17291,0.1
Jul 2026,MOZ,34958973,Gaza,Xai-Xai,first projection,2026-10-01,2027-03-31,4,0,0
Jul 2026,MOZ,34958973,Gaza,Xai-Xai,first projection,2026-10-01,2027-03-31,5,0,0
Jul 2026,MOZ,34958973,Cabo Delgado,Nangade,current,2026-07-01,2026-09-30,all,116037,1.0
Jul 2026,MOZ,34958973,Cabo Delgado,Nangade,current,2026-07-01,2026-09-30,3+,17406,0.15
Jul 2026,MOZ,34958973,Cabo Delgado,Nangade,current,2026-07-01,2026-09-30,1,58019,0.5
Jul 2026,MOZ,34958973,Cabo Delgado,Nangade,current,2026-07-01,2026-09-30,2,40613,0.35
Jul 2026,MOZ,34958973,Cabo Delgado,Nangade,current,2026-07-01,2026-09-30,3,17406,0.15
Jul 2026,MOZ,34958973,Cabo Delgado,Nangade,current,2026-07-01,2026-09-30,4,0,0
Jul 2026,MOZ,34958973,Cabo Delgado,Nangade,current,2026-07-01,2026-09-30,5,0,0
Jul 2026,MOZ,34958973,Cabo Delgado,Nangade,first projection,2026-10-01,2027-03-31,all,116037,1.0
Jul 2026,MOZ,34958973,Cabo Delgado,Nangade,first projection,2026-10-01,2027-03-31,3+,23207,0.2
Jul 2026,MOZ,34958973,Cabo Delgado,Nangade,first projection,2026-10-01,2027-03-31,1,40613,0.35
Jul 2026,MOZ,34958973,Cabo Delgado,Nangade,first projection,2026-10-01,2027-03-31,2,52217,0.45
Jul 2026,MOZ,34958973,Cabo Delgado,Nangade,first projection,2026-10-01,2027-03-31,3,23207,0.2
Jul 2026,MOZ,34958973,Cabo Delgado,Nangade,first projection,2026-10-01,2027-03-31,4,0,0
Jul 2026,MOZ,34958973,Cabo Delgado,Nangade,first projection,2026-10-01,2027-03-31,5,0,0
Jul 2026,MOZ,34958973,Cabo Delgado,Quissanga,current,2026-07-01,2026-09-30,all,65017,1.0
Jul 2026,MOZ,34958973,Cabo Delgado,Quissanga,current,2026-07-01,2026-09-30,3+,22756,0.35
Jul 2026,MOZ,34958973,Cabo Delgado,Quissanga,current,2026-07-01,2026-09-30,1,19505,0.3
Jul 2026,MOZ,34958973,Cabo Delgado,Quissanga,current,2026-07-01,2026-09-30,2,22756,0.35
Jul 2026,MOZ,34958973,Cabo Delgado,Quissanga,current,2026-07-01,2026-09-30,3,16254,0.25
Jul 2026,MOZ,34958973,Cabo Delgado,Quissanga,current,2026-07-01,2026-09-30,4,6502,0.1
Jul 2026,MOZ,34958973,Cabo Delgado,Quissanga,current,2026-07-01,2026-09-30,5,0,0
Jul 2026,MOZ,34958973,Cabo Delgado,Quissanga,first projection,2026-10-01,2027-03-31,all,65017,1.0
Jul 2026,MOZ,34958973,Cabo Delgado,Quissanga,first projection,2026-10-01,2027-03-31,3+,29258,0.45
Jul 2026,MOZ,34958973,Cabo Delgado,Quissanga,first projection,2026-10-01,2027-03-31,1,6502,0.1
Jul 2026,MOZ,34958973,Cabo Delgado,Quissanga,first projection,2026-10-01,2027-03-31,2,29258,0.45
Jul 2026,MOZ,34958973,Cabo Delgado,Quissanga,first projection,2026-10-01,2027-03-31,3,19505,0.3
Jul 2026,MOZ,34958973,Cabo Delgado,Quissanga,first projection,2026-10-01,2027-03-31,4,9753,0.15
Jul 2026,MOZ,34958973,Cabo Delgado,Quissanga,first projection,2026-10-01,2027-03-31,5,0,0
Jul 2026,MOZ,34958973,Cabo Delgado,Ancuabe,current,2026-07-01,2026-09-30,all,206125,1.0
Jul 2026,MOZ,34958973,Cabo Delgado,Ancuabe,current,2026-07-01,2026-09-30,3+,30919,0.15
Jul 2026,MOZ,34958973,Cabo Delgado,Ancuabe,current,2026-07-01,2026-09-30,1,92756,0.45
Jul 2026,MOZ,34958973,Cabo Delgado,Ancuabe,current,2026-07-01,2026-09-30,2,82450,0.4
Jul 2026,MOZ,34958973,Cabo Delgado,Ancuabe,current,2026-07-01,2026-09-30,3,30919,0.15
Jul 2026,MOZ,34958973,Cabo Delgado,Ancuabe,current,2026-07-01,2026-09-30,4,0,0
Jul 2026,MOZ,34958973,Cabo Delgado,Ancuabe,current,2026-07-01,2026-09-30,5,0,0
Jul 2026,MOZ,34958973,Cabo Delgado,Ancuabe,first projection,2026-10-01,2027-03-31,all,206125,1.0
Jul 2026,MOZ,34958973,Cabo Delgado,Ancuabe,first projection,2026-10-01,2027-03-31,3+,51531,0.25
Jul 2026,MOZ,34958973,Cabo Delgado,Ancuabe,first projection,2026-10-01,2027-03-31,1,72144,0.35
Jul 2026,MOZ,34958973,Cabo Delgado,Ancuabe,first projection,2026-10-01,2027-03-31,2,82450,0.4
Jul 2026,MOZ,34958973,Cabo Delgado,Ancuabe,first projection,2026-10-01,2027-03-31,3,41225,0.2
Jul 2026,MOZ,34958973,Cabo Delgado,Ancuabe,first projection,2026-10-01,2027-03-31,4,10306,0.05
Jul 2026,MOZ,34958973,Cabo Delgado,Ancuabe,first projection,2026-10-01,2027-03-31,5,0,0
Jul 2026,MOZ,34958973,Cabo Delgado,Chiure,current,2026-07-01,2026-09-30,all,392649,1.0
Jul 2026,MOZ,34958973,Cabo Delgado,Chiure,current,2026-07-01,2026-09-30,3+,78530,0.2
Jul 2026,MOZ,34958973,Cabo Delgado,Chiure,current,2026-07-01,2026-09-30,1,157060,0.4
Jul 2026,MOZ,34958973,Cabo Delgado,Chiure,current,2026-07-01,2026-09-30,2,157060,0.4
Jul 2026,MOZ,34958973,Cabo Delgado,Chiure,current,2026-07-01,2026-09-30,3,78530,0.2
Jul 2026,MOZ,34958973,Cabo Delgado,Chiure,current,2026-07-01,2026-09-30,4,0,0
Jul 2026,MOZ,34958973,Cabo Delgado,Chiure,current,2026-07-01,2026-09-30,5,0,0
Jul 2026,MOZ,34958973,Cabo Delgado,Chiure,first projection,2026-10-01,2027-03-31,all,392649,1.0
Jul 2026,MOZ,34958973,Cabo Delgado,Chiure,first projection,2026-10-01,2027-03-31,3+,117794,0.3
Jul 2026,MOZ,34958973,Cabo Delgado,Chiure,first projection,2026-10-01,2027-03-31,1,137427,0.35
Jul 2026,MOZ,34958973,Cabo Delgado,Chiure,first projection,2026-10-01,2027-03-31,2,137427,0.35
Jul 2026,MOZ,34958973,Cabo Delgado,Chiure,first projection,2026-10-01,2027-03-31,3,98162,0.25
Jul 2026,MOZ,34958973,Cabo Delgado,Chiure,first projection,2026-10-01,2027-03-31,4,19632,0.05
Jul 2026,MOZ,34958973,Cabo Delgado,Chiure,first projection,2026-10-01,2027-03-31,5,0,0
Jul 2026,MOZ,34958973,Cabo Delgado,Macomia,current,2026-07-01,2026-09-30,all,150592,1.0
Jul 2026,MOZ,34958973,Cabo Delgado,Macomia,current,2026-07-01,2026-09-30,3+,60237,0.4
Jul 2026,MOZ,34958973,Cabo Delgado,Macomia,current,2026-07-01,2026-09-30,1,30118,0.2
Jul 2026,MOZ,34958973,Cabo Delgado,Macomia,current,2026-07-01,2026-09-30,2,60237,0.4
Jul 2026,MOZ,34958973,Cabo Delgado,Macomia,current,2026-07-01,2026-09-30,3,45178,0.3
Jul 2026,MOZ,34958973,Cabo Delgado,Macomia,current,2026-07-01,2026-09-30,4,15059,0.1
Jul 2026,MOZ,34958973,Cabo Delgado,Macomia,current,2026-07-01,2026-09-30,5,0,0
Jul 2026,MOZ,34958973,Cabo Delgado,Macomia,first projection,2026-10-01,2027-03-31,all,150592,1.0
Jul 2026,MOZ,34958973,Cabo Delgado,Macomia,first projection,2026-10-01,2027-03-31,3+,52708,0.35
Jul 2026,MOZ,34958973,Cabo Delgado,Macomia,first projection,2026-10-01,2027-03-31,1,45178,0.3
Jul 2026,MOZ,34958973,Cabo Delgado,Macomia,first projection,2026-10-01,2027-03-31,2,52707,0.35
Jul 2026,MOZ,34958973,Cabo Delgado,Macomia,first projection,2026-10-01,2027-03-31,3,45178,0.3
Jul 2026,MOZ,34958973,Cabo Delgado,Macomia,first projection,2026-10-01,2027-03-31,4,7530,0.05
Jul 2026,MOZ,34958973,Cabo Delgado,Macomia,first projection,2026-10-01,2027-03-31,5,0,0
Jul 2026,MOZ,34958973,Cabo Delgado,Mecufi,current,2026-07-01,2026-09-30,all,79587,1.0
Jul 2026,MOZ,34958973,Cabo Delgado,Mecufi,current,2026-07-01,2026-09-30,3+,11938,0.15
Jul 2026,MOZ,34958973,Cabo Delgado,Mecufi,current,2026-07-01,2026-09-30,1,39794,0.5
Jul 2026,MOZ,34958973,Cabo Delgado,Mecufi,current,2026-07-01,2026-09-30,2,27855,0.35
Jul 2026,MOZ,34958973,Cabo Delgado,Mecufi,current,2026-07-01,2026-09-30,3,11938,0.15
Jul 2026,MOZ,34958973,Cabo Delgado,Mecufi,current,2026-07-01,2026-09-30,4,0,0
Jul 2026,MOZ,34958973,Cabo Delgado,Mecufi,current,2026-07-01,2026-09-30,5,0,0
Jul 2026,MOZ,34958973,Cabo Delgado,Mecufi,first projection,2026-10-01,2027-03-31,all,79587,1.0
Jul 2026,MOZ,34958973,Cabo Delgado,Mecufi,first projection,2026-10-01,2027-03-31,3+,19896,0.25
Jul 2026,MOZ,34958973,Cabo Delgado,Mecufi,first projection,2026-10-01,2027-03-31,1,23876,0.3
Jul 2026,MOZ,34958973,Cabo Delgado,Mecufi,first projection,2026-10-01,2027-03-31,2,35814,0.45
Jul 2026,MOZ,34958973,Cabo Delgado,Mecufi,first projection,2026-10-01,2027-03-31,3,15917,0.2
Jul 2026,MOZ,34958973,Cabo Delgado,Mecufi,first projection,2026-10-01,2027-03-31,4,3979,0.05
Jul 2026,MOZ,34958973,Cabo Delgado,Mecufi,first projection,2026-10-01,2027-03-31,5,0,0
Jul 2026,MOZ,34958973,Cabo Delgado,Meluco,current,2026-07-01,2026-09-30,all,47478,1.0
Jul 2026,MOZ,34958973,Cabo Delgado,Meluco,current,2026-07-01,2026-09-30,3+,9496,0.2
Jul 2026,MOZ,34958973,Cabo Delgado,Meluco,current,2026-07-01,2026-09-30,1,14243,0.3
Jul 2026,MOZ,34958973,Cabo Delgado,Meluco,current,2026-07-01,2026-09-30,2,23739,0.5
Jul 2026,MOZ,34958973,Cabo Delgado,Meluco,current,2026-07-01,2026-09-30,3,9496,0.2
Jul 2026,MOZ,34958973,Cabo Delgado,Meluco,current,2026-07-01,2026-09-30,4,0,0
Jul 2026,MOZ,34958973,Cabo Delgado,Meluco,current,2026-07-01,2026-09-30,5,0,0
Jul 2026,MOZ,34958973,Cabo Delgado,Meluco,first projection,2026-10-01,2027-03-31,all,47478,1.0
Jul 2026,MOZ,34958973,Cabo Delgado,Meluco,first projection,2026-10-01,2027-03-31,3+,14244,0.3
Jul 2026,MOZ,34958973,Cabo Delgado,Meluco,first projection,2026-10-01,2027-03-31,1,11870,0.25
Jul 2026,MOZ,34958973,Cabo Delgado,Meluco,first projection,2026-10-01,2027-03-31,2,21365,0.45
Jul 2026,MOZ,34958973,Cabo Delgado,Meluco,first projection,2026-10-01,2027-03-31,3,11870,0.25
Jul 2026,MOZ,34958973,Cabo Delgado,Meluco,first projection,2026-10-01,2027-03-31,4,2374,0.05
Jul 2026,MOZ,34958973,Cabo Delgado,Meluco,first projection,2026-10-01,2027-03-31,5,0,0
Jul 2026,MOZ,34958973,Cabo Delgado,Metuge,current,2026-07-01,2026-09-30,all,112373,1.0
Jul 2026,MOZ,34958973,Cabo Delgado,Metuge,current,2026-07-01,2026-09-30,3+,11237,0.1
Jul 2026,MOZ,34958973,Cabo Delgado,Metuge,current,2026-07-01,2026-09-30,1,44949,0.4
Jul 2026,MOZ,34958973,Cabo Delgado,Metuge,current,2026-07-01,2026-09-30,2,56187,0.5
Jul 2026,MOZ,34958973,Cabo Delgado,Metuge,current,2026-07-01,2026-09-30,3,11237,0.1
Jul 2026,MOZ,34958973,Cabo Delgado,Metuge,current,2026-07-01,2026-09-30,4,0,0
Jul 2026,MOZ,34958973,Cabo Delgado,Metuge,current,2026-07-01,2026-09-30,5,0,0
Jul 2026,MOZ,34958973,Cabo Delgado,Metuge,first projection,2026-10-01,2027-03-31,all,112373,1.0
Jul 2026,MOZ,34958973,Cabo Delgado,Metuge,first projection,2026-10-01,2027-03-31,3+,16856,0.15
Jul 2026,MOZ,34958973,Cabo Delgado,Metuge,first projection,2026-10-01,2027-03-31,1,44949,0.4
Jul 2026,MOZ,34958973,Cabo Delgado,Metuge,first projection,2026-10-01,2027-03-31,2,50568,0.45
Jul 2026,MOZ,34958973,Cabo Delgado,Metuge,first projection,2026-10-01,2027-03-31,3,16856,0.15
Jul 2026,MOZ,34958973,Cabo Delgado,Metuge,first projection,2026-10-01,2027-03-31,4,0,0
Jul 2026,MOZ,34958973,Cabo Delgado,Metuge,first projection,2026-10-01,2027-03-31,5,0,0
Jul 2026,MOZ,34958973,Cabo Delgado,Mocimboa Da Praia,current,2026-07-01,2026-09-30,all,170873,1.0
Jul 2026,MOZ,34958973,Cabo Delgado,Mocimboa Da Praia,current,2026-07-01,2026-09-30,3+,68349,0.4
Jul 2026,MOZ,34958973,Cabo Delgado,Mocimboa Da Praia,current,2026-07-01,2026-09-30,1,42718,0.25
Jul 2026,MOZ,34958973,Cabo Delgado,Mocimboa Da Praia,current,2026-07-01,2026-09-30,2,59806,0.35
Jul 2026,MOZ,34958973,Cabo Delgado,Mocimboa Da Praia,current,2026-07-01,2026-09-30,3,51262,0.3
Jul 2026,MOZ,34958973,Cabo Delgado,Mocimboa Da Praia,current,2026-07-01,2026-09-30,4,17087,0.1
Jul 2026,MOZ,34958973,Cabo Delgado,Mocimboa Da Praia,current,2026-07-01,2026-09-30,5,0,0
Jul 2026,MOZ,34958973,Cabo Delgado,Mocimboa Da Praia,first projection,2026-10-01,2027-03-31,all,170873,1.0
Jul 2026,MOZ,34958973,Cabo Delgado,Mocimboa Da Praia,first projection,2026-10-01,2027-03-31,3+,93980,0.55
Jul 2026,MOZ,34958973,Cabo Delgado,Mocimboa Da Praia,first projection,2026-10-01,2027-03-31,1,34175,0.2
Jul 2026,MOZ,34958973,Cabo Delgado,Mocimboa Da Praia,first projection,2026-10-01,2027-03-31,2,42718,0.25
Jul 2026,MOZ,34958973,Cabo Delgado,Mocimboa Da Praia,first projection,2026-10-01,2027-03-31,3,68349,0.4
Jul 2026,MOZ,34958973,Cabo Delgado,Mocimboa Da Praia,first projection,2026-10-01,2027-03-31,4,25631,0.15
Jul 2026,MOZ,34958973,Cabo Delgado,Mocimboa Da Praia,first projection,2026-10-01,2027-03-31,5,0,0
Jul 2026,MOZ,34958973,Cabo Delgado,Mueda,current,2026-07-01,2026-09-30,all,225268,1.0
Jul 2026,MOZ,34958973,Cabo Delgado,Mueda,current,2026-07-01,2026-09-30,3+,33790,0.15
Jul 2026,MOZ,34958973,Cabo Delgado,Mueda,current,2026-07-01,2026-09-30,1,90107,0.4
Jul 2026,MOZ,34958973,Cabo Delgado,Mueda,current,2026-07-01,2026-09-30,2,101371,0.45
Jul 2026,MOZ,34958973,Cabo Delgado,Mueda,current,2026-07-01,2026-09-30,3,33790,0.15
Jul 2026,MOZ,34958973,Cabo Delgado,Mueda,current,2026-07-01,2026-09-30,4,0,0
Jul 2026,MOZ,34958973,Cabo Delgado,Mueda,current,2026-07-01,2026-09-30,5,0,0
Jul 2026,MOZ,34958973,Cabo Delgado,Mueda,first projection,2026-10-01,2027-03-31,all,225268,1.0
Jul 2026,MOZ,34958973,Cabo Delgado,Mueda,first projection,2026-10-01,2027-03-31,3+,45054,0.2
Jul 2026,MOZ,34958973,Cabo Delgado,Mueda,first projection,2026-10-01,2027-03-31,1,67580,0.3
Jul 2026,MOZ,34958973,Cabo Delgado,Mueda,first projection,2026-10-01,2027-03-31,2,112634,0.5
Jul 2026,MOZ,34958973,Cabo Delgado,Mueda,first projection,2026-10-01,2027-03-31,3,45054,0.2
Jul 2026,MOZ,34958973,Cabo Delgado,Mueda,first projection,2026-10-01,2027-03-31,4,0,0
Jul 2026,MOZ,34958973,Cabo Delgado,Mueda,first projection,2026-10-01,2027-03-31,5,0,0
Jul 2026,MOZ,34958973,Cabo Delgado,Muidumbe,current,2026-07-01,2026-09-30,all,127879,1.0
Jul 2026,MOZ,34958973,Cabo Delgado,Muidumbe,current,2026-07-01,2026-09-30,3+,12788,0.1
Jul 2026,MOZ,34958973,Cabo Delgado,Muidumbe,current,2026-07-01,2026-09-30,1,70333,0.55
Jul 2026,MOZ,34958973,Cabo Delgado,Muidumbe,current,2026-07-01,2026-09-30,2,44758,0.35
Jul 2026,MOZ,34958973,Cabo Delgado,Muidumbe,current,2026-07-01,2026-09-30,3,12788,0.1
Jul 2026,MOZ,34958973,Cabo Delgado,Muidumbe,current,2026-07-01,2026-09-30,4,0,0
Jul 2026,MOZ,34958973,Cabo Delgado,Muidumbe,current,2026-07-01,2026-09-30,5,0,0
Jul 2026,MOZ,34958973,Cabo Delgado,Muidumbe,first projection,2026-10-01,2027-03-31,all,127879,1.0
Jul 2026,MOZ,34958973,Cabo Delgado,Muidumbe,first projection,2026-10-01,2027-03-31,3+,19182,0.15
Jul 2026,MOZ,34958973,Cabo Delgado,Muidumbe,first projection,2026-10-01,2027-03-31,1,57546,0.45
Jul 2026,MOZ,34958973,Cabo Delgado,Muidumbe,first projection,2026-10-01,2027-03-31,2,51152,0.4
Jul 2026,MOZ,34958973,Cabo Delgado,Muidumbe,first projection,2026-10-01,2027-03-31,3,19182,0.15
Jul 2026,MOZ,34958973,Cabo Delgado,Muidumbe,first projection,2026-10-01,2027-03-31,4,0,0
Jul 2026,MOZ,34958973,Cabo Delgado,Muidumbe,first projection,2026-10-01,2027-03-31,5,0,0
Jul 2026,MOZ,34958973,Sofala,Nhamatanda,current,2026-07-01,2026-09-30,all,362887,1.0
Jul 2026,MOZ,34958973,Sofala,Nhamatanda,current,2026-07-01,2026-09-30,3+,54433,0.15
Jul 2026,MOZ,34958973,Sofala,Nhamatanda,current,2026-07-01,2026-09-30,1,163299,0.45
Jul 2026,MOZ,34958973,Sofala,Nhamatanda,current,2026-07-01,2026-09-30,2,145155,0.4
Jul 2026,MOZ,34958973,Sofala,Nhamatanda,current,2026-07-01,2026-09-30,3,54433,0.15
Jul 2026,MOZ,34958973,Sofala,Nhamatanda,current,2026-07-01,2026-09-30,4,0,0
Jul 2026,MOZ,34958973,Sofala,Nhamatanda,current,2026-07-01,2026-09-30,5,0,0
Jul 2026,MOZ,34958973,Sofala,Nhamatanda,first projection,2026-10-01,2027-03-31,all,362887,1.0
Jul 2026,MOZ,34958973,Sofala,Nhamatanda,first projection,2026-10-01,2027-03-31,3+,72577,0.2
Jul 2026,MOZ,34958973,Sofala,Nhamatanda,first projection,2026-10-01,2027-03-31,1,127010,0.35
Jul 2026,MOZ,34958973,Sofala,Nhamatanda,first projection,2026-10-01,2027-03-31,2,163299,0.45
Jul 2026,MOZ,34958973,Sofala,Nhamatanda,first projection,2026-10-01,2027-03-31,3,54433,0.15
Jul 2026,MOZ,34958973,Sofala,Nhamatanda,first projection,2026-10-01,2027-03-31,4,18144,0.05
Jul 2026,MOZ,34958973,Sofala,Nhamatanda,first projection,2026-10-01,2027-03-31,5,0,0
Jul 2026,MOZ,34958973,Sofala,Buzi,current,2026-07-01,2026-09-30,all,229141,1.0
Jul 2026,MOZ,34958973,Sofala,Buzi,current,2026-07-01,2026-09-30,3+,57285,0.25
Jul 2026,MOZ,34958973,Sofala,Buzi,current,2026-07-01,2026-09-30,1,91656,0.4
Jul 2026,MOZ,34958973,Sofala,Buzi,current,2026-07-01,2026-09-30,2,80199,0.35
Jul 2026,MOZ,34958973,Sofala,Buzi,current,2026-07-01,2026-09-30,3,57285,0.25
Jul 2026,MOZ,34958973,Sofala,Buzi,current,2026-07-01,2026-09-30,4,0,0
Jul 2026,MOZ,34958973,Sofala,Buzi,current,2026-07-01,2026-09-30,5,0,0
Jul 2026,MOZ,34958973,Sofala,Buzi,first projection,2026-10-01,2027-03-31,all,229141,1.0
Jul 2026,MOZ,34958973,Sofala,Buzi,first projection,2026-10-01,2027-03-31,3+,80199,0.35
Jul 2026,MOZ,34958973,Sofala,Buzi,first projection,2026-10-01,2027-03-31,1,68742,0.3
Jul 2026,MOZ,34958973,Sofala,Buzi,first projection,2026-10-01,2027-03-31,2,80199,0.35
Jul 2026,MOZ,34958973,Sofala,Buzi,first projection,2026-10-01,2027-03-31,3,68742,0.3
Jul 2026,MOZ,34958973,Sofala,Buzi,first projection,2026-10-01,2027-03-31,4,11457,0.05
Jul 2026,MOZ,34958973,Sofala,Buzi,first projection,2026-10-01,2027-03-31,5,0,0
Jul 2026,MOZ,34958973,Sofala,Chibabava,current,2026-07-01,2026-09-30,all,173242,1.0
Jul 2026,MOZ,34958973,Sofala,Chibabava,current,2026-07-01,2026-09-30,3+,25986,0.15
Jul 2026,MOZ,34958973,Sofala,Chibabava,current,2026-07-01,2026-09-30,1,69297,0.4
Jul 2026,MOZ,34958973,Sofala,Chibabava,current,2026-07-01,2026-09-30,2,77959,0.45
Jul 2026,MOZ,34958973,Sofala,Chibabava,current,2026-07-01,2026-09-30,3,25986,0.15
Jul 2026,MOZ,34958973,Sofala,Chibabava,current,2026-07-01,2026-09-30,4,0,0
Jul 2026,MOZ,34958973,Sofala,Chibabava,current,2026-07-01,2026-09-30,5,0,0
Jul 2026,MOZ,34958973,Sofala,Chibabava,first projection,2026-10-01,2027-03-31,all,173242,1.0
Jul 2026,MOZ,34958973,Sofala,Chibabava,first projection,2026-10-01,2027-03-31,3+,43310,0.25
Jul 2026,MOZ,34958973,Sofala,Chibabava,first projection,2026-10-01,2027-03-31,1,60635,0.35
Jul 2026,MOZ,34958973,Sofala,Chibabava,first projection,2026-10-01,2027-03-31,2,69297,0.4
Jul 2026,MOZ,34958973,Sofala,Chibabava,first projection,2026-10-01,2027-03-31,3,34648,0.2
Jul 2026,MOZ,34958973,Sofala,Chibabava,first projection,2026-10-01,2027-03-31,4,8662,0.05
Jul 2026,MOZ,34958973,Sofala,Chibabava,first projection,2026-10-01,2027-03-31,5,0,0
Jul 2026,MOZ,34958973,Sofala,Machanga,current,2026-07-01,2026-09-30,all,71588,1.0
Jul 2026,MOZ,34958973,Sofala,Machanga,current,2026-07-01,2026-09-30,3+,17897,0.25
Jul 2026,MOZ,34958973,Sofala,Machanga,current,2026-07-01,2026-09-30,1,21476,0.3
Jul 2026,MOZ,34958973,Sofala,Machanga,current,2026-07-01,2026-09-30,2,32215,0.45
Jul 2026,MOZ,34958973,Sofala,Machanga,current,2026-07-01,2026-09-30,3,14318,0.2
Jul 2026,MOZ,34958973,Sofala,Machanga,current,2026-07-01,2026-09-30,4,3579,0.05
Jul 2026,MOZ,34958973,Sofala,Machanga,current,2026-07-01,2026-09-30,5,0,0
Jul 2026,MOZ,34958973,Sofala,Machanga,first projection,2026-10-01,2027-03-31,all,71588,1.0
Jul 2026,MOZ,34958973,Sofala,Machanga,first projection,2026-10-01,2027-03-31,3+,28635,0.4
Jul 2026,MOZ,34958973,Sofala,Machanga,first projection,2026-10-01,2027-03-31,1,7159,0.1
Jul 2026,MOZ,34958973,Sofala,Machanga,first projection,2026-10-01,2027-03-31,2,35794,0.5
Jul 2026,MOZ,34958973,Sofala,Machanga,first projection,2026-10-01,2027-03-31,3,21476,0.3
Jul 2026,MOZ,34958973,Sofala,Machanga,first projection,2026-10-01,2027-03-31,4,7159,0.1
Jul 2026,MOZ,34958973,Sofala,Machanga,first projection,2026-10-01,2027-03-31,5,0,0
Jul 2026,MOZ,34958973,Sofala,Maringue,current,2026-07-01,2026-09-30,all,122240,1.0
Jul 2026,MOZ,34958973,Sofala,Maringue,current,2026-07-01,2026-09-30,3+,18336,0.15
Jul 2026,MOZ,34958973,Sofala,Maringue,current,2026-07-01,2026-09-30,1,55008,0.45
Jul 2026,MOZ,34958973,Sofala,Maringue,current,2026-07-01,2026-09-30,2,48896,0.4
Jul 2026,MOZ,34958973,Sofala,Maringue,current,2026-07-01,2026-09-30,3,18336,0.15
Jul 2026,MOZ,34958973,Sofala,Maringue,current,2026-07-01,2026-09-30,4,0,0
Jul 2026,MOZ,34958973,Sofala,Maringue,current,2026-07-01,2026-09-30,5,0,0
Jul 2026,MOZ,34958973,Sofala,Maringue,first projection,2026-10-01,2027-03-31,all,122240,1.0
Jul 2026,MOZ,34958973,Sofala,Maringue,first projection,2026-10-01,2027-03-31,3+,36672,0.3
Jul 2026,MOZ,34958973,Sofala,Maringue,first projection,2026-10-01,2027-03-31,1,30560,0.25
Jul 2026,MOZ,34958973,Sofala,Maringue,first projection,2026-10-01,2027-03-31,2,55008,0.45
Jul 2026,MOZ,34958973,Sofala,Maringue,first projection,2026-10-01,2027-03-31,3,30560,0.25
Jul 2026,MOZ,34958973,Sofala,Maringue,first projection,2026-10-01,2027-03-31,4,6112,0.05
Jul 2026,MOZ,34958973,Sofala,Maringue,first projection,2026-10-01,2027-03-31,5,0,0
Jul 2026,MOZ,34958973,Sofala,Muanza,current,2026-07-01,2026-09-30,all,48987,1.0
Jul 2026,MOZ,34958973,Sofala,Muanza,current,2026-07-01,2026-09-30,3+,14696,0.3
Jul 2026,MOZ,34958973,Sofala,Muanza,current,2026-07-01,2026-09-30,1,17145,0.35
Jul 2026,MOZ,34958973,Sofala,Muanza,current,2026-07-01,2026-09-30,2,17145,0.35
Jul 2026,MOZ,34958973,Sofala,Muanza,current,2026-07-01,2026-09-30,3,12247,0.25
Jul 2026,MOZ,34958973,Sofala,Muanza,current,2026-07-01,2026-09-30,4,2449,0.05
Jul 2026,MOZ,34958973,Sofala,Muanza,current,2026-07-01,2026-09-30,5,0,0
Jul 2026,MOZ,34958973,Sofala,Muanza,first projection,2026-10-01,2027-03-31,all,48987,1.0
Jul 2026,MOZ,34958973,Sofala,Muanza,first projection,2026-10-01,2027-03-31,3+,19595,0.4
Jul 2026,MOZ,34958973,Sofala,Muanza,first projection,2026-10-01,2027-03-31,1,14696,0.3
Jul 2026,MOZ,34958973,Sofala,Muanza,first projection,2026-10-01,2027-03-31,2,14696,0.3
Jul 2026,MOZ,34958973,Sofala,Muanza,first projection,2026-10-01,2027-03-31,3,14696,0.3
Jul 2026,MOZ,34958973,Sofala,Muanza,first projection,2026-10-01,2027-03-31,4,4899,0.1
Jul 2026,MOZ,34958973,Sofala,Muanza,first projection,2026-10-01,2027-03-31,5,0,0
Jul 2026,MOZ,34958973,Manica,Sussundenga,current,2026-07-01,2026-09-30,all,220976,1.0
Jul 2026,MOZ,34958973,Manica,Sussundenga,current,2026-07-01,2026-09-30,3+,22098,0.1
Jul 2026,MOZ,34958973,Manica,Sussundenga,current,2026-07-01,2026-09-30,1,121537,0.55
Jul 2026,MOZ,34958973,Manica,Sussundenga,current,2026-07-01,2026-09-30,2,77342,0.35
Jul 2026,MOZ,34958973,Manica,Sussundenga,current,2026-07-01,2026-09-30,3,22098,0.1
Jul 2026,MOZ,34958973,Manica,Sussundenga,current,2026-07-01,2026-09-30,4,0,0
Jul 2026,MOZ,34958973,Manica,Sussundenga,current,2026-07-01,2026-09-30,5,0,0
Jul 2026,MOZ,34958973,Manica,Sussundenga,first projection,2026-10-01,2027-03-31,all,220976,1.0
Jul 2026,MOZ,34958973,Manica,Sussundenga,first projection,2026-10-01,2027-03-31,3+,44195,0.2
Jul 2026,MOZ,34958973,Manica,Sussundenga,first projection,2026-10-01,2027-03-31,1,88390,0.4
Jul 2026,MOZ,34958973,Manica,Sussundenga,first projection,2026-10-01,2027-03-31,2,88390,0.4
Jul 2026,MOZ,34958973,Manica,Sussundenga,first projection,2026-10-01,2027-03-31,3,44195,0.2
Jul 2026,MOZ,34958973,Manica,Sussundenga,first projection,2026-10-01,2027-03-31,4,0,0
Jul 2026,MOZ,34958973,Manica,Sussundenga,first projection,2026-10-01,2027-03-31,5,0,0
Jul 2026,MOZ,34958973,Manica,Vanduzi,current,2026-07-01,2026-09-30,all,144232,1.0
Jul 2026,MOZ,34958973,Manica,Vanduzi,current,2026-07-01,2026-09-30,3+,14423,0.1
Jul 2026,MOZ,34958973,Manica,Vanduzi,current,2026-07-01,2026-09-30,1,64904,0.45
Jul 2026,MOZ,34958973,Manica,Vanduzi,current,2026-07-01,2026-09-30,2,64904,0.45
Jul 2026,MOZ,34958973,Manica,Vanduzi,current,2026-07-01,2026-09-30,3,14423,0.1
Jul 2026,MOZ,34958973,Manica,Vanduzi,current,2026-07-01,2026-09-30,4,0,0
Jul 2026,MOZ,34958973,Manica,Vanduzi,current,2026-07-01,2026-09-30,5,0,0
Jul 2026,MOZ,34958973,Manica,Vanduzi,first projection,2026-10-01,2027-03-31,all,144232,1.0
Jul 2026,MOZ,34958973,Manica,Vanduzi,first projection,2026-10-01,2027-03-31,3+,21635,0.15
Jul 2026,MOZ,34958973,Manica,Vanduzi,first projection,2026-10-01,2027-03-31,1,57693,0.4
Jul 2026,MOZ,34958973,Manica,Vanduzi,first projection,2026-10-01,2027-03-31,2,64904,0.45
Jul 2026,MOZ,34958973,Manica,Vanduzi,first projection,2026-10-01,2027-03-31,3,21635,0.15
Jul 2026,MOZ,34958973,Manica,Vanduzi,first projection,2026-10-01,2027-03-31,4,0,0
Jul 2026,MOZ,34958973,Manica,Vanduzi,first projection,2026-10-01,2027-03-31,5,0,0
Jul 2026,MOZ,34958973,Manica,Guro,current,2026-07-01,2026-09-30,all,121234,1.0
Jul 2026,MOZ,34958973,Manica,Guro,current,2026-07-01,2026-09-30,3+,24247,0.2
Jul 2026,MOZ,34958973,Manica,Guro,current,2026-07-01,2026-09-30,1,42432,0.35
Jul 2026,MOZ,34958973,Manica,Guro,current,2026-07-01,2026-09-30,2,54555,0.45
Jul 2026,MOZ,34958973,Manica,Guro,current,2026-07-01,2026-09-30,3,18185,0.15
Jul 2026,MOZ,34958973,Manica,Guro,current,2026-07-01,2026-09-30,4,6062,0.05
Jul 2026,MOZ,34958973,Manica,Guro,current,2026-07-01,2026-09-30,5,0,0
Jul 2026,MOZ,34958973,Manica,Guro,first projection,2026-10-01,2027-03-31,all,121234,1.0
Jul 2026,MOZ,34958973,Manica,Guro,first projection,2026-10-01,2027-03-31,3+,36371,0.3
Jul 2026,MOZ,34958973,Manica,Guro,first projection,2026-10-01,2027-03-31,1,30309,0.25
Jul 2026,MOZ,34958973,Manica,Guro,first projection,2026-10-01,2027-03-31,2,54555,0.45
Jul 2026,MOZ,34958973,Manica,Guro,first projection,2026-10-01,2027-03-31,3,30309,0.25
Jul 2026,MOZ,34958973,Manica,Guro,first projection,2026-10-01,2027-03-31,4,6062,0.05
Jul 2026,MOZ,34958973,Manica,Guro,first projection,2026-10-01,2027-03-31,5,0,0
Jul 2026,MOZ,34958973,Manica,Manica,current,2026-07-01,2026-09-30,all,300949,1.0
Jul 2026,MOZ,34958973,Manica,Manica,current,2026-07-01,2026-09-30,3+,15047,0.05
Jul 2026,MOZ,34958973,Manica,Manica,current,2026-07-01,2026-09-30,1,180569,0.6
Jul 2026,MOZ,34958973,Manica,Manica,current,2026-07-01,2026-09-30,2,105332,0.35
Jul 2026,MOZ,34958973,Manica,Manica,current,2026-07-01,2026-09-30,3,15047,0.05
Jul 2026,MOZ,34958973,Manica,Manica,current,2026-07-01,2026-09-30,4,0,0
Jul 2026,MOZ,34958973,Manica,Manica,current,2026-07-01,2026-09-30,5,0,0
Jul 2026,MOZ,34958973,Manica,Manica,first projection,2026-10-01,2027-03-31,all,300949,1.0
Jul 2026,MOZ,34958973,Manica,Manica,first projection,2026-10-01,2027-03-31,3+,30095,0.1
Jul 2026,MOZ,34958973,Manica,Manica,first projection,2026-10-01,2027-03-31,1,165522,0.55
Jul 2026,MOZ,34958973,Manica,Manica,first projection,2026-10-01,2027-03-31,2,105332,0.35
Jul 2026,MOZ,34958973,Manica,Manica,first projection,2026-10-01,2027-03-31,3,30095,0.1
Jul 2026,MOZ,34958973,Manica,Manica,first projection,2026-10-01,2027-03-31,4,0,0
Jul 2026,MOZ,34958973,Manica,Manica,first projection,2026-10-01,2027-03-31,5,0,0
Jul 2026,MOZ,34958973,Manica,Mossurize,current,2026-07-01,2026-09-30,all,254072,1.0
Jul 2026,MOZ,34958973,Manica,Mossurize,current,2026-07-01,2026-09-30,3+,25407,0.1
Jul 2026,MOZ,34958973,Manica,Mossurize,current,2026-07-01,2026-09-30,1,139740,0.55
Jul 2026,MOZ,34958973,Manica,Mossurize,current,2026-07-01,2026-09-30,2,88925,0.35
Jul 2026,MOZ,34958973,Manica,Mossurize,current,2026-07-01,2026-09-30,3,25407,0.1
Jul 2026,MOZ,34958973,Manica,Mossurize,current,2026-07-01,2026-09-30,4,0,0
Jul 2026,MOZ,34958973,Manica,Mossurize,current,2026-07-01,2026-09-30,5,0,0
Jul 2026,MOZ,34958973,Manica,Mossurize,first projection,2026-10-01,2027-03-31,all,254072,1.0
Jul 2026,MOZ,34958973,Manica,Mossurize,first projection,2026-10-01,2027-03-31,3+,38111,0.15
Jul 2026,MOZ,34958973,Manica,Mossurize,first projection,2026-10-01,2027-03-31,1,114332,0.45
Jul 2026,MOZ,34958973,Manica,Mossurize,first projection,2026-10-01,2027-03-31,2,101629,0.4
Jul 2026,MOZ,34958973,Manica,Mossurize,first projection,2026-10-01,2027-03-31,3,38111,0.15
Jul 2026,MOZ,34958973,Manica,Mossurize,first projection,2026-10-01,2027-03-31,4,0,0
Jul 2026,MOZ,34958973,Manica,Mossurize,first projection,2026-10-01,2027-03-31,5,0,0
Jul 2026,MOZ,34958973,Nampula,Erati,current,2026-07-01,2026-09-30,all,490923,1.0
Jul 2026,MOZ,34958973,Nampula,Erati,current,2026-07-01,2026-09-30,3+,49092,0.1
Jul 2026,MOZ,34958973,Nampula,Erati,current,2026-07-01,2026-09-30,1,220915,0.45
Jul 2026,MOZ,34958973,Nampula,Erati,current,2026-07-01,2026-09-30,2,220915,0.45
Jul 2026,MOZ,34958973,Nampula,Erati,current,2026-07-01,2026-09-30,3,49092,0.1
Jul 2026,MOZ,34958973,Nampula,Erati,current,2026-07-01,2026-09-30,4,0,0
Jul 2026,MOZ,34958973,Nampula,Erati,current,2026-07-01,2026-09-30,5,0,0
Jul 2026,MOZ,34958973,Nampula,Erati,first projection,2026-10-01,2027-03-31,all,490923,1.0
Jul 2026,MOZ,34958973,Nampula,Erati,first projection,2026-10-01,2027-03-31,3+,98184,0.2
Jul 2026,MOZ,34958973,Nampula,Erati,first projection,2026-10-01,2027-03-31,1,171823,0.35
Jul 2026,MOZ,34958973,Nampula,Erati,first projection,2026-10-01,2027-03-31,2,220915,0.45
Jul 2026,MOZ,34958973,Nampula,Erati,first projection,2026-10-01,2027-03-31,3,73638,0.15
Jul 2026,MOZ,34958973,Nampula,Erati,first projection,2026-10-01,2027-03-31,4,24546,0.05
Jul 2026,MOZ,34958973,Nampula,Erati,first projection,2026-10-01,2027-03-31,5,0,0
Jul 2026,MOZ,34958973,Nampula,Memba,current,2026-07-01,2026-09-30,all,409914,1.0
Jul 2026,MOZ,34958973,Nampula,Memba,current,2026-07-01,2026-09-30,3+,40991,0.1
Jul 2026,MOZ,34958973,Nampula,Memba,current,2026-07-01,2026-09-30,1,184461,0.45
Jul 2026,MOZ,34958973,Nampula,Memba,current,2026-07-01,2026-09-30,2,184461,0.45
Jul 2026,MOZ,34958973,Nampula,Memba,current,2026-07-01,2026-09-30,3,40991,0.1
Jul 2026,MOZ,34958973,Nampula,Memba,current,2026-07-01,2026-09-30,4,0,0
Jul 2026,MOZ,34958973,Nampula,Memba,current,2026-07-01,2026-09-30,5,0,0
Jul 2026,MOZ,34958973,Nampula,Memba,first projection,2026-10-01,2027-03-31,all,409914,1.0
Jul 2026,MOZ,34958973,Nampula,Memba,first projection,2026-10-01,2027-03-31,3+,122975,0.3
Jul 2026,MOZ,34958973,Nampula,Memba,first projection,2026-10-01,2027-03-31,1,163966,0.4
Jul 2026,MOZ,34958973,Nampula,Memba,first projection,2026-10-01,2027-03-31,2,122974,0.3
Jul 2026,MOZ,34958973,Nampula,Memba,first projection,2026-10-01,2027-03-31,3,102479,0.25
Jul 2026,MOZ,34958973,Nampula,Memba,first projection,2026-10-01,2027-03-31,4,20496,0.05
Jul 2026,MOZ,34958973,Nampula,Memba,first projection,2026-10-01,2027-03-31,5,0,0
Jul 2026,MOZ,34958973,Inhambane,Govuro,current,2026-07-01,2026-09-30,all,38561,1.0
Jul 2026,MOZ,34958973,Inhambane,Govuro,current,2026-07-01,2026-09-30,3+,5784,0.15
Jul 2026,MOZ,34958973,Inhambane,Govuro,current,2026-07-01,2026-09-30,1,15424,0.4
Jul 2026,MOZ,34958973,Inhambane,Govuro,current,2026-07-01,2026-09-30,2,17352,0.45
Jul 2026,MOZ,34958973,Inhambane,Govuro,current,2026-07-01,2026-09-30,3,5784,0.15
Jul 2026,MOZ,34958973,Inhambane,Govuro,current,2026-07-01,2026-09-30,4,0,0
Jul 2026,MOZ,34958973,Inhambane,Govuro,current,2026-07-01,2026-09-30,5,0,0
Jul 2026,MOZ,34958973,Inhambane,Govuro,first projection,2026-10-01,2027-03-31,all,38561,1.0
Jul 2026,MOZ,34958973,Inhambane,Govuro,first projection,2026-10-01,2027-03-31,3+,11568,0.3
Jul 2026,MOZ,34958973,Inhambane,Govuro,first projection,2026-10-01,2027-03-31,1,11568,0.3
Jul 2026,MOZ,34958973,Inhambane,Govuro,first projection,2026-10-01,2027-03-31,2,15424,0.4
Jul 2026,MOZ,34958973,Inhambane,Govuro,first projection,2026-10-01,2027-03-31,3,9640,0.25
Jul 2026,MOZ,34958973,Inhambane,Govuro,first projection,2026-10-01,2027-03-31,4,1928,0.05
Jul 2026,MOZ,34958973,Inhambane,Govuro,first projection,2026-10-01,2027-03-31,5,0,0
Jul 2026,MOZ,34958973,Inhambane,Inhassoro,current,2026-07-01,2026-09-30,all,63609,1.0
Jul 2026,MOZ,34958973,Inhambane,Inhassoro,current,2026-07-01,2026-09-30,3+,6361,0.1
Jul 2026,MOZ,34958973,Inhambane,Inhassoro,current,2026-07-01,2026-09-30,1,38165,0.6
Jul 2026,MOZ,34958973,Inhambane,Inhassoro,current,2026-07-01,2026-09-30,2,19083,0.3
Jul 2026,MOZ,34958973,Inhambane,Inhassoro,current,2026-07-01,2026-09-30,3,6361,0.1
Jul 2026,MOZ,34958973,Inhambane,Inhassoro,current,2026-07-01,2026-09-30,4,0,0
Jul 2026,MOZ,34958973,Inhambane,Inhassoro,current,2026-07-01,2026-09-30,5,0,0
Jul 2026,MOZ,34958973,Inhambane,Inhassoro,first projection,2026-10-01,2027-03-31,all,63609,1.0
Jul 2026,MOZ,34958973,Inhambane,Inhassoro,first projection,2026-10-01,2027-03-31,3+,9541,0.15
Jul 2026,MOZ,34958973,Inhambane,Inhassoro,first projection,2026-10-01,2027-03-31,1,28624,0.45
Jul 2026,MOZ,34958973,Inhambane,Inhassoro,first projection,2026-10-01,2027-03-31,2,25444,0.4
Jul 2026,MOZ,34958973,Inhambane,Inhassoro,first projection,2026-10-01,2027-03-31,3,9541,0.15
Jul 2026,MOZ,34958973,Inhambane,Inhassoro,first projection,2026-10-01,2027-03-31,4,0,0
Jul 2026,MOZ,34958973,Inhambane,Inhassoro,first projection,2026-10-01,2027-03-31,5,0,0
Jul 2026,MOZ,34958973,Inhambane,Vilankulo,current,2026-07-01,2026-09-30,all,173878,1.0
Jul 2026,MOZ,34958973,Inhambane,Vilankulo,current,2026-07-01,2026-09-30,3+,17388,0.1
Jul 2026,MOZ,34958973,Inhambane,Vilankulo,current,2026-07-01,2026-09-30,1,104327,0.6
Jul 2026,MOZ,34958973,Inhambane,Vilankulo,current,2026-07-01,2026-09-30,2,52163,0.3
Jul 2026,MOZ,34958973,Inhambane,Vilankulo,current,2026-07-01,2026-09-30,3,17388,0.1
Jul 2026,MOZ,34958973,Inhambane,Vilankulo,current,2026-07-01,2026-09-30,4,0,0
Jul 2026,MOZ,34958973,Inhambane,Vilankulo,current,2026-07-01,2026-09-30,5,0,0
Jul 2026,MOZ,34958973,Inhambane,Vilankulo,first projection,2026-10-01,2027-03-31,all,173878,1.0
Jul 2026,MOZ,34958973,Inhambane,Vilankulo,first projection,2026-10-01,2027-03-31,3+,26082,0.15
Jul 2026,MOZ,34958973,Inhambane,Vilankulo,first projection,2026-10-01,2027-03-31,1,78245,0.45
Jul 2026,MOZ,34958973,Inhambane,Vilankulo,first projection,2026-10-01,2027-03-31,2,69551,0.4
Jul 2026,MOZ,34958973,Inhambane,Vilankulo,first projection,2026-10-01,2027-03-31,3,26082,0.15
Jul 2026,MOZ,34958973,Inhambane,Vilankulo,first projection,2026-10-01,2027-03-31,4,0,0
Jul 2026,MOZ,34958973,Inhambane,Vilankulo,first projection,2026-10-01,2027-03-31,5,0,0
Jul 2026,MOZ,34958973,Zambezia,Maganja Da Costa,current,2026-07-01,2026-09-30,all,187476,1.0
Jul 2026,MOZ,34958973,Zambezia,Maganja Da Costa,current,2026-07-01,2026-09-30,3+,18748,0.1
Jul 2026,MOZ,34958973,Zambezia,Maganja Da Costa,current,2026-07-01,2026-09-30,1,103112,0.55
Jul 2026,MOZ,34958973,Zambezia,Maganja Da Costa,current,2026-07-01,2026-09-30,2,65617,0.35
Jul 2026,MOZ,34958973,Zambezia,Maganja Da Costa,current,2026-07-01,2026-09-30,3,18748,0.1
Jul 2026,MOZ,34958973,Zambezia,Maganja Da Costa,current,2026-07-01,2026-09-30,4,0,0
Jul 2026,MOZ,34958973,Zambezia,Maganja Da Costa,current,2026-07-01,2026-09-30,5,0,0
Jul 2026,MOZ,34958973,Zambezia,Maganja Da Costa,first projection,2026-10-01,2027-03-31,all,187476,1.0
Jul 2026,MOZ,34958973,Zambezia,Maganja Da Costa,first projection,2026-10-01,2027-03-31,3+,28121,0.15
Jul 2026,MOZ,34958973,Zambezia,Maganja Da Costa,first projection,2026-10-01,2027-03-31,1,74990,0.4
Jul 2026,MOZ,34958973,Zambezia,Maganja Da Costa,first projection,2026-10-01,2027-03-31,2,84364,0.45
Jul 2026,MOZ,34958973,Zambezia,Maganja Da Costa,first projection,2026-10-01,2027-03-31,3,28121,0.15
Jul 2026,MOZ,34958973,Zambezia,Maganja Da Costa,first projection,2026-10-01,2027-03-31,4,0,0
Jul 2026,MOZ,34958973,Zambezia,Maganja Da Costa,first projection,2026-10-01,2027-03-31,5,0,0
Jul 2026,MOZ,34958973,Zambezia,Namacurra,current,2026-07-01,2026-09-30,all,277702,1.0
Jul 2026,MOZ,34958973,Zambezia,Namacurra,current,2026-07-01,2026-09-30,3+,27770,0.1
Jul 2026,MOZ,34958973,Zambezia,Namacurra,current,2026-07-01,2026-09-30,1,152736,0.55
Jul 2026,MOZ,34958973,Zambezia,Namacurra,current,2026-07-01,2026-09-30,2,97196,0.35
Jul 2026,MOZ,34958973,Zambezia,Namacurra,current,2026-07-01,2026-09-30,3,27770,0.1
Jul 2026,MOZ,34958973,Zambezia,Namacurra,current,2026-07-01,2026-09-30,4,0,0
Jul 2026,MOZ,34958973,Zambezia,Namacurra,current,2026-07-01,2026-09-30,5,0,0
Jul 2026,MOZ,34958973,Zambezia,Namacurra,first projection,2026-10-01,2027-03-31,all,277702,1.0
Jul 2026,MOZ,34958973,Zambezia,Namacurra,first projection,2026-10-01,2027-03-31,3+,41655,0.15
Jul 2026,MOZ,34958973,Zambezia,Namacurra,first projection,2026-10-01,2027-03-31,1,124966,0.45
Jul 2026,MOZ,34958973,Zambezia,Namacurra,first projection,2026-10-01,2027-03-31,2,111081,0.4
Jul 2026,MOZ,34958973,Zambezia,Namacurra,first projection,2026-10-01,2027-03-31,3,41655,0.15
Jul 2026,MOZ,34958973,Zambezia,Namacurra,first projection,2026-10-01,2027-03-31,4,0,0
Jul 2026,MOZ,34958973,Zambezia,Namacurra,first projection,2026-10-01,2027-03-31,5,0,0
Jul 2026,MOZ,34958973,Maputo,Magude,current,2026-07-01,2026-09-30,all,89923,1.0
Jul 2026,MOZ,34958973,Maputo,Magude,current,2026-07-01,2026-09-30,3+,13488,0.15
Jul 2026,MOZ,34958973,Maputo,Magude,current,2026-07-01,2026-09-30,1,44962,0.5
Jul 2026,MOZ,34958973,Maputo,Magude,current,2026-07-01,2026-09-30,2,31473,0.35
Jul 2026,MOZ,34958973,Maputo,Magude,current,2026-07-01,2026-09-30,3,13488,0.15
Jul 2026,MOZ,34958973,Maputo,Magude,current,2026-07-01,2026-09-30,4,0,0
Jul 2026,MOZ,34958973,Maputo,Magude,current,2026-07-01,2026-09-30,5,0,0
Jul 2026,MOZ,34958973,Maputo,Magude,first projection,2026-10-01,2027-03-31,all,89923,1.0
Jul 2026,MOZ,34958973,Maputo,Magude,first projection,2026-10-01,2027-03-31,3+,17985,0.2
Jul 2026,MOZ,34958973,Maputo,Magude,first projection,2026-10-01,2027-03-31,1,31473,0.35
Jul 2026,MOZ,34958973,Maputo,Magude,first projection,2026-10-01,2027-03-31,2,40465,0.45
Jul 2026,MOZ,34958973,Maputo,Magude,first projection,2026-10-01,2027-03-31,3,17985,0.2
Jul 2026,MOZ,34958973,Maputo,Magude,first projection,2026-10-01,2027-03-31,4,0,0
Jul 2026,MOZ,34958973,Maputo,Magude,first projection,2026-10-01,2027-03-31,5,0,0
Jul 2026,MOZ,34958973,Maputo,Manhiça,current,2026-07-01,2026-09-30,all,295983,1.0
Jul 2026,MOZ,34958973,Maputo,Manhiça,current,2026-07-01,2026-09-30,3+,14799,0.05
Jul 2026,MOZ,34958973,Maputo,Manhiça,current,2026-07-01,2026-09-30,1,192389,0.65
Jul 2026,MOZ,34958973,Maputo,Manhiça,current,2026-07-01,2026-09-30,2,88795,0.3
Jul 2026,MOZ,34958973,Maputo,Manhiça,current,2026-07-01,2026-09-30,3,14799,0.05
Jul 2026,MOZ,34958973,Maputo,Manhiça,current,2026-07-01,2026-09-30,4,0,0
Jul 2026,MOZ,34958973,Maputo,Manhiça,current,2026-07-01,2026-09-30,5,0,0
Jul 2026,MOZ,34958973,Maputo,Manhiça,first projection,2026-10-01,2027-03-31,all,295983,1.0
Jul 2026,MOZ,34958973,Maputo,Manhiça,first projection,2026-10-01,2027-03-31,3+,29598,0.1
Jul 2026,MOZ,34958973,Maputo,Manhiça,first projection,2026-10-01,2027-03-31,1,147992,0.5
Jul 2026,MOZ,34958973,Maputo,Manhiça,first projection,2026-10-01,2027-03-31,2,118393,0.4
Jul 2026,MOZ,34958973,Maputo,Manhiça,first projection,2026-10-01,2027-03-31,3,29598,0.1
Jul 2026,MOZ,34958973,Maputo,Manhiça,first projection,2026-10-01,2027-03-31,4,0,0
Jul 2026,MOZ,34958973,Maputo,Manhiça,first projection,2026-10-01,2027-03-31,5,0,0
Jul 2026,MOZ,34958973,Maputo,Marracuene,current,2026-07-01,2026-09-30,all,315877,1.0
Jul 2026,MOZ,34958973,Maputo,Marracuene,current,2026-07-01,2026-09-30,3+,15794,0.05
Jul 2026,MOZ,34958973,Maputo,Marracuene,current,2026-07-01,2026-09-30,1,205320,0.65
Jul 2026,MOZ,34958973,Maputo,Marracuene,current,2026-07-01,2026-09-30,2,94763,0.3
Jul 2026,MOZ,34958973,Maputo,Marracuene,current,2026-07-01,2026-09-30,3,15794,0.05
Jul 2026,MOZ,34958973,Maputo,Marracuene,current,2026-07-01,2026-09-30,4,0,0
Jul 2026,MOZ,34958973,Maputo,Marracuene,current,2026-07-01,2026-09-30,5,0,0
Jul 2026,MOZ,34958973,Maputo,Marracuene,first projection,2026-10-01,2027-03-31,all,315877,1.0
Jul 2026,MOZ,34958973,Maputo,Marracuene,first projection,2026-10-01,2027-03-31,3+,15794,0.05
Jul 2026,MOZ,34958973,Maputo,Marracuene,first projection,2026-10-01,2027-03-31,1,173732,0.55
Jul 2026,MOZ,34958973,Maputo,Marracuene,first projection,2026-10-01,2027-03-31,2,126351,0.4
Jul 2026,MOZ,34958973,Maputo,Marracuene,first projection,2026-10-01,2027-03-31,3,15794,0.05
Jul 2026,MOZ,34958973,Maputo,Marracuene,first projection,2026-10-01,2027-03-31,4,0,0
Jul 2026,MOZ,34958973,Maputo,Marracuene,first projection,2026-10-01,2027-03-31,5,0,0
Jul 2026,MOZ,34958973,Maputo,Moamba,current,2026-07-01,2026-09-30,all,127905,1.0
Jul 2026,MOZ,34958973,Maputo,Moamba,current,2026-07-01,2026-09-30,3+,6395,0.05
Jul 2026,MOZ,34958973,Maputo,Moamba,current,2026-07-01,2026-09-30,1,70348,0.55
Jul 2026,MOZ,34958973,Maputo,Moamba,current,2026-07-01,2026-09-30,2,51162,0.4
Jul 2026,MOZ,34958973,Maputo,Moamba,current,2026-07-01,2026-09-30,3,6395,0.05
Jul 2026,MOZ,34958973,Maputo,Moamba,current,2026-07-01,2026-09-30,4,0,0
Jul 2026,MOZ,34958973,Maputo,Moamba,current,2026-07-01,2026-09-30,5,0,0
Jul 2026,MOZ,34958973,Maputo,Moamba,first projection,2026-10-01,2027-03-31,all,127905,1.0
Jul 2026,MOZ,34958973,Maputo,Moamba,first projection,2026-10-01,2027-03-31,3+,12791,0.1
Jul 2026,MOZ,34958973,Maputo,Moamba,first projection,2026-10-01,2027-03-31,1,51162,0.4
Jul 2026,MOZ,34958973,Maputo,Moamba,first projection,2026-10-01,2027-03-31,2,63953,0.5
Jul 2026,MOZ,34958973,Maputo,Moamba,first projection,2026-10-01,2027-03-31,3,12791,0.1
Jul 2026,MOZ,34958973,Maputo,Moamba,first projection,2026-10-01,2027-03-31,4,0,0
Jul 2026,MOZ,34958973,Maputo,Moamba,first projection,2026-10-01,2027-03-31,5,0,0
